{"level":"info","message":"PostgreSQL connected via Prisma","timestamp":"2026-06-04T17:23:10.941Z"}
{"level":"info","message":"Running Prisma migrations...","timestamp":"2026-06-04T17:23:10.948Z"}
{"level":"info","message":"Prisma migrations completed","timestamp":"2026-06-04T17:23:18.123Z"}
{"level":"info","message":"Connecting to RabbitMQ...","timestamp":"2026-06-04T17:23:18.126Z"}
{"level":"info","message":"RabbitMQ topology asserted","timestamp":"2026-06-04T17:23:18.288Z"}
{"level":"info","message":"RabbitMQ connected","timestamp":"2026-06-04T17:23:18.290Z"}
{"level":"info","message":"Redis [default] connected","timestamp":"2026-06-04T17:23:18.303Z"}
{"level":"info","message":"Redis [default] ready","timestamp":"2026-06-04T17:23:18.319Z"}
{"level":"info","message":"Redis connected successfully","timestamp":"2026-06-04T17:23:18.320Z"}
{"level":"info","message":"Cron: scheduler started — expression: \"*/30 * * * * *\"","timestamp":"2026-06-04T17:23:18.383Z"}
{"level":"info","message":"API server running on port 3000","timestamp":"2026-06-04T17:23:18.391Z"}
{"level":"info","message":"Metrics server running on port 9000","timestamp":"2026-06-04T17:23:18.393Z"}
{"level":"info","message":"Worker: Started Monitoring Shits","timestamp":"2026-06-04T17:23:20.104Z"}
{"level":"info","message":"Worker metrics exposed on :9001/metrics","timestamp":"2026-06-04T17:23:20.114Z"}
{"level":"info","message":"Worker: database connected","timestamp":"2026-06-04T17:23:20.580Z"}
{"level":"info","message":"Redis [default] connected","timestamp":"2026-06-04T17:23:20.623Z"}
{"level":"info","message":"Redis [default] ready","timestamp":"2026-06-04T17:23:20.644Z"}
{"level":"info","message":"Worker: redis connected","timestamp":"2026-06-04T17:23:20.645Z"}
{"level":"info","message":"Connecting to RabbitMQ...","timestamp":"2026-06-04T17:23:20.646Z"}
{"level":"info","message":"RabbitMQ topology asserted","timestamp":"2026-06-04T17:23:20.785Z"}
{"level":"info","message":"RabbitMQ connected","timestamp":"2026-06-04T17:23:20.786Z"}
{"level":"info","message":"Worker: started, waiting for jobs...","timestamp":"2026-06-04T17:23:20.791Z"}
{"level":"debug","message":"Cron: no due jobs found","timestamp":"2026-06-04T17:23:30.234Z"}
{"level":"debug","message":"Cron: no due jobs found","timestamp":"2026-06-04T17:24:00.094Z"}
{"level":"debug","message":"Cron: no due jobs found","timestamp":"2026-06-04T17:24:30.076Z"}
{"level":"debug","message":"Cron: no due jobs found","timestamp":"2026-06-04T17:25:00.082Z"}
{"level":"debug","message":"Cron: no due jobs found","timestamp":"2026-06-04T17:25:30.065Z"}
{"level":"debug","message":"Cron: no due jobs found","timestamp":"2026-06-04T17:26:00.067Z"}
{"level":"debug","message":"Cron: no due jobs found","timestamp":"2026-06-04T17:26:30.073Z"}
{"level":"debug","message":"Cron: no due jobs found","timestamp":"2026-06-04T17:27:00.066Z"}
{"level":"debug","message":"Cron: no due jobs found","timestamp":"2026-06-04T17:27:30.065Z"}
{"level":"debug","message":"Cron: no due jobs found","timestamp":"2026-06-04T17:28:00.063Z"}
{"level":"debug","message":"Cron: no due jobs found","timestamp":"2026-06-04T17:28:30.074Z"}
{"level":"debug","message":"Cron: no due jobs found","timestamp":"2026-06-04T17:29:00.078Z"}
{"level":"debug","message":"Cron: no due jobs found","timestamp":"2026-06-04T17:29:30.069Z"}
{"level":"debug","message":"Cron: no due jobs found","timestamp":"2026-06-04T17:30:00.062Z"}
{"level":"debug","message":"Cron: no due jobs found","timestamp":"2026-06-04T17:30:30.132Z"}
{"level":"info","message":"Worker: shutdown signal received","timestamp":"2026-06-04T17:30:39.290Z"}
{"level":"info","message":"PostgreSQL connected via Prisma","timestamp":"2026-06-05T12:38:11.738Z"}
{"level":"info","message":"Worker: Started Monitoring Shits","timestamp":"2026-06-05T12:38:32.515Z"}
{"level":"info","message":"Worker metrics exposed on :9001/metrics","timestamp":"2026-06-05T12:38:32.521Z"}
{"level":"info","message":"Worker: database connected","timestamp":"2026-06-05T12:38:32.634Z"}
{"level":"info","message":"Redis [default] connected","timestamp":"2026-06-05T12:38:32.682Z"}
{"level":"info","message":"Redis [default] ready","timestamp":"2026-06-05T12:38:32.697Z"}
{"level":"info","message":"Worker: redis connected","timestamp":"2026-06-05T12:38:32.701Z"}
{"level":"info","message":"Connecting to RabbitMQ...","timestamp":"2026-06-05T12:38:32.704Z"}
{"level":"info","message":"RabbitMQ topology asserted","timestamp":"2026-06-05T12:38:32.927Z"}
{"level":"info","message":"RabbitMQ connected","timestamp":"2026-06-05T12:38:32.928Z"}
{"level":"info","message":"Worker: started, waiting for jobs...","timestamp":"2026-06-05T12:38:32.931Z"}
{"level":"info","message":"PostgreSQL connected via Prisma","timestamp":"2026-06-05T12:39:03.808Z"}
{"level":"info","message":"Running Prisma migrations...","timestamp":"2026-06-05T12:39:03.814Z"}
{"level":"info","message":"Prisma migrations completed","timestamp":"2026-06-05T12:39:07.144Z"}
{"level":"info","message":"Connecting to RabbitMQ...","timestamp":"2026-06-05T12:39:07.145Z"}
{"level":"info","message":"RabbitMQ topology asserted","timestamp":"2026-06-05T12:39:07.273Z"}
{"level":"info","message":"RabbitMQ connected","timestamp":"2026-06-05T12:39:07.274Z"}
{"level":"info","message":"Redis [default] connected","timestamp":"2026-06-05T12:39:07.282Z"}
{"level":"info","message":"Redis [default] ready","timestamp":"2026-06-05T12:39:07.292Z"}
{"level":"info","message":"Redis connected successfully","timestamp":"2026-06-05T12:39:07.294Z"}
{"level":"info","message":"Cron: scheduler started — expression: \"*/30 * * * * *\"","timestamp":"2026-06-05T12:39:07.385Z"}
{"level":"info","message":"API server running on port 3000","timestamp":"2026-06-05T12:39:07.390Z"}
{"level":"info","message":"Worker metrics exposed on :9000/metrics","timestamp":"2026-06-05T12:39:07.391Z"}
{"level":"debug","message":"Cron: no due jobs found","timestamp":"2026-06-05T12:39:30.143Z"}
{"level":"debug","message":"Cron: no due jobs found","timestamp":"2026-06-05T12:40:00.049Z"}
{"level":"debug","message":"Cron: no due jobs found","timestamp":"2026-06-05T12:40:30.048Z"}
{"level":"debug","message":"Cron: no due jobs found","timestamp":"2026-06-05T12:41:00.063Z"}
{"level":"debug","message":"Cron: no due jobs found","timestamp":"2026-06-05T12:41:30.055Z"}
{"level":"debug","message":"Cron: no due jobs found","timestamp":"2026-06-05T12:42:00.059Z"}
{"level":"debug","message":"Cron: no due jobs found","timestamp":"2026-06-05T12:42:30.047Z"}
{"level":"debug","message":"Cron: no due jobs found","timestamp":"2026-06-05T12:43:00.062Z"}
{"level":"debug","message":"Cron: no due jobs found","timestamp":"2026-06-05T12:43:30.087Z"}
{"level":"debug","message":"Cron: no due jobs found","timestamp":"2026-06-05T12:44:00.074Z"}
{"level":"debug","message":"Cron: no due jobs found","timestamp":"2026-06-05T12:44:30.075Z"}
{"level":"debug","message":"Cron: no due jobs found","timestamp":"2026-06-05T12:45:00.067Z"}
{"level":"info","message":"PostgreSQL connected via Prisma","timestamp":"2026-06-05T12:46:57.722Z"}
{"level":"info","message":"Running Prisma migrations...","timestamp":"2026-06-05T12:46:57.730Z"}
{"level":"info","message":"Prisma migrations completed","timestamp":"2026-06-05T12:47:04.211Z"}
{"level":"info","message":"Connecting to RabbitMQ...","timestamp":"2026-06-05T12:47:04.213Z"}
{"level":"info","message":"RabbitMQ topology asserted","timestamp":"2026-06-05T12:47:04.374Z"}
{"level":"info","message":"RabbitMQ connected","timestamp":"2026-06-05T12:47:04.375Z"}
{"level":"info","message":"Redis [default] connected","timestamp":"2026-06-05T12:47:04.386Z"}
{"level":"info","message":"Redis [default] ready","timestamp":"2026-06-05T12:47:04.401Z"}
{"level":"info","message":"Redis connected successfully","timestamp":"2026-06-05T12:47:04.402Z"}
{"level":"info","message":"Cron: scheduler started — expression: \"*/30 * * * * *\"","timestamp":"2026-06-05T12:47:04.469Z"}
{"level":"info","message":"API server running on port 3000","timestamp":"2026-06-05T12:47:04.476Z"}
{"level":"info","message":"Worker metrics exposed on :9000/metrics","timestamp":"2026-06-05T12:47:04.478Z"}
{"level":"info","message":"SIGINT received, shutting down","timestamp":"2026-06-05T12:47:07.257Z"}
{"level":"info","message":"Worker: Started Monitoring Shits","timestamp":"2026-06-05T12:50:16.963Z"}
{"level":"info","message":"Worker metrics exposed on :9001/metrics","timestamp":"2026-06-05T12:50:16.970Z"}
{"level":"info","message":"Worker: database connected","timestamp":"2026-06-05T12:50:17.053Z"}
{"level":"info","message":"Redis [default] connected","timestamp":"2026-06-05T12:50:17.076Z"}
{"level":"info","message":"Redis [default] ready","timestamp":"2026-06-05T12:50:17.087Z"}
{"level":"info","message":"Worker: redis connected","timestamp":"2026-06-05T12:50:17.088Z"}
{"level":"info","message":"Connecting to RabbitMQ...","timestamp":"2026-06-05T12:50:17.089Z"}
{"level":"info","message":"RabbitMQ topology asserted","timestamp":"2026-06-05T12:50:17.194Z"}
{"level":"info","message":"RabbitMQ connected","timestamp":"2026-06-05T12:50:17.195Z"}
{"level":"info","message":"Worker: started, waiting for jobs...","timestamp":"2026-06-05T12:50:17.198Z"}
{"level":"info","message":"Worker: Started Monitoring Shits","timestamp":"2026-06-05T12:50:18.679Z"}
{"level":"info","message":"Worker metrics exposed on :9001/metrics","timestamp":"2026-06-05T12:50:18.685Z"}
{"level":"info","message":"Worker: database connected","timestamp":"2026-06-05T12:50:18.764Z"}
{"level":"info","message":"Redis [default] connected","timestamp":"2026-06-05T12:50:18.780Z"}
{"level":"info","message":"Redis [default] ready","timestamp":"2026-06-05T12:50:18.788Z"}
{"level":"info","message":"Worker: redis connected","timestamp":"2026-06-05T12:50:18.789Z"}
{"level":"info","message":"Connecting to RabbitMQ...","timestamp":"2026-06-05T12:50:18.791Z"}
{"level":"info","message":"RabbitMQ topology asserted","timestamp":"2026-06-05T12:50:18.890Z"}
{"level":"info","message":"RabbitMQ connected","timestamp":"2026-06-05T12:50:18.891Z"}
{"level":"info","message":"Worker: started, waiting for jobs...","timestamp":"2026-06-05T12:50:18.894Z"}
{"level":"info","message":"Worker: Started Monitoring Shits","timestamp":"2026-06-05T12:50:26.798Z"}
{"level":"info","message":"Worker metrics exposed on :9001/metrics","timestamp":"2026-06-05T12:50:26.803Z"}
{"level":"info","message":"Worker: database connected","timestamp":"2026-06-05T12:50:26.881Z"}
{"level":"info","message":"Redis [default] connected","timestamp":"2026-06-05T12:50:26.898Z"}
{"level":"info","message":"Redis [default] ready","timestamp":"2026-06-05T12:50:26.907Z"}
{"level":"info","message":"Worker: redis connected","timestamp":"2026-06-05T12:50:26.908Z"}
{"level":"info","message":"Connecting to RabbitMQ...","timestamp":"2026-06-05T12:50:26.909Z"}
{"level":"info","message":"RabbitMQ topology asserted","timestamp":"2026-06-05T12:50:27.008Z"}
{"level":"info","message":"RabbitMQ connected","timestamp":"2026-06-05T12:50:27.009Z"}
{"level":"info","message":"Worker: started, waiting for jobs...","timestamp":"2026-06-05T12:50:27.012Z"}
{"level":"info","message":"Worker: Started Monitoring Shits","timestamp":"2026-06-05T12:51:03.613Z"}
{"level":"info","message":"Worker metrics exposed on :9001/metrics","timestamp":"2026-06-05T12:51:03.619Z"}
{"level":"info","message":"Worker: database connected","timestamp":"2026-06-05T12:51:03.706Z"}
{"level":"info","message":"Redis [default] connected","timestamp":"2026-06-05T12:51:03.731Z"}
{"level":"info","message":"Redis [default] ready","timestamp":"2026-06-05T12:51:03.742Z"}
{"level":"info","message":"Worker: redis connected","timestamp":"2026-06-05T12:51:03.743Z"}
{"level":"info","message":"Connecting to RabbitMQ...","timestamp":"2026-06-05T12:51:03.744Z"}
{"level":"info","message":"RabbitMQ topology asserted","timestamp":"2026-06-05T12:51:03.850Z"}
{"level":"info","message":"RabbitMQ connected","timestamp":"2026-06-05T12:51:03.851Z"}
{"level":"info","message":"Worker: started, waiting for jobs...","timestamp":"2026-06-05T12:51:03.854Z"}
{"level":"info","message":"Worker: Started Monitoring Shits","timestamp":"2026-06-05T12:51:06.343Z"}
{"level":"info","message":"Worker metrics exposed on :9001/metrics","timestamp":"2026-06-05T12:51:06.349Z"}
{"level":"info","message":"Worker: database connected","timestamp":"2026-06-05T12:51:06.439Z"}
{"level":"info","message":"Redis [default] connected","timestamp":"2026-06-05T12:51:06.469Z"}
{"level":"info","message":"Redis [default] ready","timestamp":"2026-06-05T12:51:06.479Z"}
{"level":"info","message":"Worker: redis connected","timestamp":"2026-06-05T12:51:06.480Z"}
{"level":"info","message":"Connecting to RabbitMQ...","timestamp":"2026-06-05T12:51:06.481Z"}
{"level":"info","message":"RabbitMQ topology asserted","timestamp":"2026-06-05T12:51:06.585Z"}
{"level":"info","message":"RabbitMQ connected","timestamp":"2026-06-05T12:51:06.586Z"}
{"level":"info","message":"Worker: started, waiting for jobs...","timestamp":"2026-06-05T12:51:06.590Z"}
{"level":"info","message":"Worker: Started Monitoring Shits","timestamp":"2026-06-05T12:51:08.285Z"}
{"level":"info","message":"Worker metrics exposed on :9001/metrics","timestamp":"2026-06-05T12:51:08.289Z"}
{"level":"info","message":"Worker: database connected","timestamp":"2026-06-05T12:51:08.370Z"}
{"level":"info","message":"Redis [default] connected","timestamp":"2026-06-05T12:51:08.387Z"}
{"level":"info","message":"Redis [default] ready","timestamp":"2026-06-05T12:51:08.398Z"}
{"level":"info","message":"Worker: redis connected","timestamp":"2026-06-05T12:51:08.400Z"}
{"level":"info","message":"Connecting to RabbitMQ...","timestamp":"2026-06-05T12:51:08.401Z"}
{"level":"info","message":"RabbitMQ topology asserted","timestamp":"2026-06-05T12:51:08.503Z"}
{"level":"info","message":"RabbitMQ connected","timestamp":"2026-06-05T12:51:08.504Z"}
{"level":"info","message":"Worker: started, waiting for jobs...","timestamp":"2026-06-05T12:51:08.507Z"}
{"level":"info","message":"Worker: Started Monitoring Shits","timestamp":"2026-06-05T12:52:06.783Z"}
{"level":"info","message":"Worker metrics exposed on :9001/metrics","timestamp":"2026-06-05T12:52:06.788Z"}
{"level":"info","message":"Worker: database connected","timestamp":"2026-06-05T12:52:06.874Z"}
{"level":"info","message":"Redis [default] connected","timestamp":"2026-06-05T12:52:06.890Z"}
{"level":"info","message":"Redis [default] ready","timestamp":"2026-06-05T12:52:06.901Z"}
{"level":"info","message":"Worker: redis connected","timestamp":"2026-06-05T12:52:06.902Z"}
{"level":"info","message":"Connecting to RabbitMQ...","timestamp":"2026-06-05T12:52:06.903Z"}
{"level":"info","message":"RabbitMQ topology asserted","timestamp":"2026-06-05T12:52:07.006Z"}
{"level":"info","message":"RabbitMQ connected","timestamp":"2026-06-05T12:52:07.007Z"}
{"level":"info","message":"Worker: started, waiting for jobs...","timestamp":"2026-06-05T12:52:07.011Z"}
{"level":"info","message":"PostgreSQL connected via Prisma","timestamp":"2026-06-05T12:52:39.514Z"}
{"level":"info","message":"Running Prisma migrations...","timestamp":"2026-06-05T12:52:39.519Z"}
{"level":"info","message":"Prisma migrations completed","timestamp":"2026-06-05T12:52:42.859Z"}
{"level":"info","message":"Connecting to RabbitMQ...","timestamp":"2026-06-05T12:52:42.860Z"}
{"level":"info","message":"RabbitMQ topology asserted","timestamp":"2026-06-05T12:52:42.977Z"}
{"level":"info","message":"RabbitMQ connected","timestamp":"2026-06-05T12:52:42.979Z"}
{"level":"info","message":"Redis [default] connected","timestamp":"2026-06-05T12:52:42.985Z"}
{"level":"info","message":"Redis [default] ready","timestamp":"2026-06-05T12:52:42.995Z"}
{"level":"info","message":"Redis connected successfully","timestamp":"2026-06-05T12:52:42.996Z"}
{"level":"info","message":"Cron: scheduler started — expression: \"*/30 * * * * *\"","timestamp":"2026-06-05T12:52:43.030Z"}
{"level":"info","message":"Worker metrics exposed on :9000/metrics","timestamp":"2026-06-05T12:52:43.036Z"}
{"level":"info","message":"API server running on port 3000","timestamp":"2026-06-05T12:52:43.036Z"}
{"level":"debug","message":"Cron: no due jobs found","timestamp":"2026-06-05T12:53:00.105Z"}
{"level":"info","message":"PostgreSQL connected via Prisma","timestamp":"2026-06-05T12:54:20.588Z"}
{"level":"info","message":"Running Prisma migrations...","timestamp":"2026-06-05T12:54:20.591Z"}
{"level":"info","message":"Prisma migrations completed","timestamp":"2026-06-05T12:54:23.999Z"}
{"level":"info","message":"Connecting to RabbitMQ...","timestamp":"2026-06-05T12:54:24.000Z"}
{"level":"info","message":"RabbitMQ topology asserted","timestamp":"2026-06-05T12:54:24.115Z"}
{"level":"info","message":"RabbitMQ connected","timestamp":"2026-06-05T12:54:24.116Z"}
{"level":"info","message":"Redis [default] connected","timestamp":"2026-06-05T12:54:24.120Z"}
{"level":"info","message":"Redis [default] ready","timestamp":"2026-06-05T12:54:24.128Z"}
{"level":"info","message":"Redis connected successfully","timestamp":"2026-06-05T12:54:24.129Z"}
{"level":"info","message":"Cron: scheduler started — expression: \"*/30 * * * * *\"","timestamp":"2026-06-05T12:54:24.156Z"}
{"level":"info","message":"Worker metrics exposed on :9000/metrics","timestamp":"2026-06-05T12:54:24.159Z"}
{"level":"info","message":"API server running on port 3000","timestamp":"2026-06-05T12:54:24.160Z"}
{"level":"debug","message":"Cron: no due jobs found","timestamp":"2026-06-05T12:54:30.125Z"}
{"level":"debug","message":"Cron: no due jobs found","timestamp":"2026-06-05T12:55:00.050Z"}
{"level":"debug","message":"Cron: no due jobs found","timestamp":"2026-06-05T12:55:30.046Z"}
{"level":"debug","message":"Cron: no due jobs found","timestamp":"2026-06-05T12:56:00.049Z"}
{"level":"info","message":"Worker: Started Monitoring Shits","timestamp":"2026-06-05T12:56:14.404Z"}
{"level":"info","message":"Worker metrics exposed on :9001/metrics","timestamp":"2026-06-05T12:56:14.409Z"}
{"level":"info","message":"Worker: database connected","timestamp":"2026-06-05T12:56:14.515Z"}
{"level":"info","message":"Redis [default] connected","timestamp":"2026-06-05T12:56:14.533Z"}
{"level":"info","message":"Redis [default] ready","timestamp":"2026-06-05T12:56:14.543Z"}
{"level":"info","message":"Worker: redis connected","timestamp":"2026-06-05T12:56:14.544Z"}
{"level":"info","message":"Connecting to RabbitMQ...","timestamp":"2026-06-05T12:56:14.545Z"}
{"level":"info","message":"RabbitMQ topology asserted","timestamp":"2026-06-05T12:56:14.656Z"}
{"level":"info","message":"RabbitMQ connected","timestamp":"2026-06-05T12:56:14.657Z"}
{"level":"info","message":"Worker: started, waiting for jobs...","timestamp":"2026-06-05T12:56:14.661Z"}
{"level":"info","message":"Worker: Started Monitoring Shits","timestamp":"2026-06-05T12:56:20.799Z"}
{"level":"info","message":"Worker metrics exposed on :9001/metrics","timestamp":"2026-06-05T12:56:20.807Z"}
{"level":"info","message":"Worker: database connected","timestamp":"2026-06-05T12:56:20.909Z"}
{"level":"info","message":"Redis [default] connected","timestamp":"2026-06-05T12:56:20.930Z"}
{"level":"info","message":"Redis [default] ready","timestamp":"2026-06-05T12:56:20.945Z"}
{"level":"info","message":"Worker: redis connected","timestamp":"2026-06-05T12:56:20.947Z"}
{"level":"info","message":"Connecting to RabbitMQ...","timestamp":"2026-06-05T12:56:20.948Z"}
{"level":"info","message":"RabbitMQ topology asserted","timestamp":"2026-06-05T12:56:21.058Z"}
{"level":"info","message":"RabbitMQ connected","timestamp":"2026-06-05T12:56:21.060Z"}
{"level":"info","message":"Worker: started, waiting for jobs...","timestamp":"2026-06-05T12:56:21.064Z"}
{"level":"info","message":"Worker: Started Monitoring Shits","timestamp":"2026-06-05T12:56:25.360Z"}
{"level":"info","message":"Worker metrics exposed on :9001/metrics","timestamp":"2026-06-05T12:56:25.366Z"}
{"level":"info","message":"Worker: database connected","timestamp":"2026-06-05T12:56:25.477Z"}
{"level":"info","message":"Redis [default] connected","timestamp":"2026-06-05T12:56:25.494Z"}
{"level":"info","message":"Redis [default] ready","timestamp":"2026-06-05T12:56:25.503Z"}
{"level":"info","message":"Worker: redis connected","timestamp":"2026-06-05T12:56:25.504Z"}
{"level":"info","message":"Connecting to RabbitMQ...","timestamp":"2026-06-05T12:56:25.505Z"}
{"level":"info","message":"RabbitMQ topology asserted","timestamp":"2026-06-05T12:56:25.604Z"}
{"level":"info","message":"RabbitMQ connected","timestamp":"2026-06-05T12:56:25.605Z"}
{"level":"info","message":"Worker: started, waiting for jobs...","timestamp":"2026-06-05T12:56:25.607Z"}
{"level":"debug","message":"Cron: no due jobs found","timestamp":"2026-06-05T12:56:30.057Z"}
{"level":"info","message":"Worker: Started Monitoring Shits","timestamp":"2026-06-05T12:56:34.132Z"}
{"level":"info","message":"Worker metrics exposed on :9001/metrics","timestamp":"2026-06-05T12:56:34.137Z"}
{"level":"info","message":"Worker: database connected","timestamp":"2026-06-05T12:56:34.220Z"}
{"level":"info","message":"Redis [default] connected","timestamp":"2026-06-05T12:56:34.243Z"}
{"level":"info","message":"Redis [default] ready","timestamp":"2026-06-05T12:56:34.254Z"}
{"level":"info","message":"Worker: redis connected","timestamp":"2026-06-05T12:56:34.256Z"}
{"level":"info","message":"Connecting to RabbitMQ...","timestamp":"2026-06-05T12:56:34.258Z"}
{"level":"info","message":"RabbitMQ topology asserted","timestamp":"2026-06-05T12:56:34.362Z"}
{"level":"info","message":"RabbitMQ connected","timestamp":"2026-06-05T12:56:34.363Z"}
{"level":"info","message":"Worker: started, waiting for jobs...","timestamp":"2026-06-05T12:56:34.367Z"}
{"level":"info","message":"Worker: shutdown signal received","timestamp":"2026-06-05T12:56:56.654Z"}
{"level":"debug","message":"Cron: no due jobs found","timestamp":"2026-06-05T12:57:00.045Z"}
{"level":"debug","message":"Cron: no due jobs found","timestamp":"2026-06-05T12:57:30.060Z"}
{"level":"info","message":"Worker: Started Monitoring Shits","timestamp":"2026-06-05T12:57:59.307Z"}
{"level":"info","message":"Worker metrics exposed on :9001/metrics","timestamp":"2026-06-05T12:57:59.314Z"}
{"level":"info","message":"Worker: database connected","timestamp":"2026-06-05T12:57:59.416Z"}
{"level":"info","message":"Redis [default] connected","timestamp":"2026-06-05T12:57:59.435Z"}
{"level":"info","message":"Redis [default] ready","timestamp":"2026-06-05T12:57:59.446Z"}
{"level":"info","message":"Worker: redis connected","timestamp":"2026-06-05T12:57:59.448Z"}
{"level":"info","message":"Connecting to RabbitMQ...","timestamp":"2026-06-05T12:57:59.449Z"}
{"level":"info","message":"RabbitMQ topology asserted","timestamp":"2026-06-05T12:57:59.570Z"}
{"level":"info","message":"RabbitMQ connected","timestamp":"2026-06-05T12:57:59.571Z"}
{"level":"info","message":"Worker: started, waiting for jobs...","timestamp":"2026-06-05T12:57:59.574Z"}
{"level":"debug","message":"Cron: no due jobs found","timestamp":"2026-06-05T12:58:00.052Z"}
{"level":"info","message":"Worker: shutdown signal received","timestamp":"2026-06-05T12:58:01.820Z"}
{"level":"info","message":"Worker: Started Monitoring Shits","timestamp":"2026-06-05T12:58:17.555Z"}
{"level":"info","message":"Worker metrics exposed on :9001/metrics","timestamp":"2026-06-05T12:58:17.563Z"}
{"level":"info","message":"Worker: database connected","timestamp":"2026-06-05T12:58:17.677Z"}
{"level":"info","message":"Redis [default] connected","timestamp":"2026-06-05T12:58:17.697Z"}
{"level":"info","message":"Redis [default] ready","timestamp":"2026-06-05T12:58:17.708Z"}
{"level":"info","message":"Worker: redis connected","timestamp":"2026-06-05T12:58:17.709Z"}
{"level":"info","message":"Connecting to RabbitMQ...","timestamp":"2026-06-05T12:58:17.710Z"}
{"level":"info","message":"RabbitMQ topology asserted","timestamp":"2026-06-05T12:58:17.811Z"}
{"level":"info","message":"RabbitMQ connected","timestamp":"2026-06-05T12:58:17.812Z"}
{"level":"info","message":"Worker: started, waiting for jobs...","timestamp":"2026-06-05T12:58:17.815Z"}
{"level":"debug","message":"Cron: no due jobs found","timestamp":"2026-06-05T12:58:30.056Z"}
{"level":"info","message":"Worker: Started Monitoring Shits","timestamp":"2026-06-05T12:58:57.722Z"}
{"level":"info","message":"Worker metrics exposed on :9001/metrics","timestamp":"2026-06-05T12:58:57.728Z"}
{"level":"info","message":"Worker: database connected","timestamp":"2026-06-05T12:58:57.811Z"}
{"level":"info","message":"Redis [default] connected","timestamp":"2026-06-05T12:58:57.830Z"}
{"level":"info","message":"Redis [default] ready","timestamp":"2026-06-05T12:58:57.840Z"}
{"level":"info","message":"Worker: redis connected","timestamp":"2026-06-05T12:58:57.842Z"}
{"level":"info","message":"Connecting to RabbitMQ...","timestamp":"2026-06-05T12:58:57.843Z"}
{"level":"info","message":"RabbitMQ topology asserted","timestamp":"2026-06-05T12:58:57.944Z"}
{"level":"info","message":"RabbitMQ connected","timestamp":"2026-06-05T12:58:57.945Z"}
{"level":"info","message":"Worker: started, waiting for jobs...","timestamp":"2026-06-05T12:58:57.947Z"}
{"level":"debug","message":"Cron: no due jobs found","timestamp":"2026-06-05T12:59:00.061Z"}
{"level":"debug","message":"Cron: no due jobs found","timestamp":"2026-06-05T12:59:30.074Z"}
{"level":"info","message":"SIGINT received, shutting down","timestamp":"2026-06-05T12:59:46.491Z"}
{"level":"info","message":"PostgreSQL connected via Prisma","timestamp":"2026-06-05T13:07:21.118Z"}
{"level":"info","message":"Running Prisma migrations...","timestamp":"2026-06-05T13:07:21.124Z"}
{"level":"info","message":"Prisma migrations completed","timestamp":"2026-06-05T13:07:24.884Z"}
{"level":"info","message":"Connecting to RabbitMQ...","timestamp":"2026-06-05T13:07:24.885Z"}
{"level":"info","message":"RabbitMQ topology asserted","timestamp":"2026-06-05T13:07:25.015Z"}
{"level":"info","message":"RabbitMQ connected","timestamp":"2026-06-05T13:07:25.017Z"}
{"level":"info","message":"Redis [default] connected","timestamp":"2026-06-05T13:07:25.022Z"}
{"level":"info","message":"Redis [default] ready","timestamp":"2026-06-05T13:07:25.031Z"}
{"level":"info","message":"Redis connected successfully","timestamp":"2026-06-05T13:07:25.032Z"}
{"level":"info","message":"Cron: scheduler started — expression: \"*/30 * * * * *\"","timestamp":"2026-06-05T13:07:25.066Z"}
{"level":"info","message":"Worker metrics exposed on :9000/metrics","timestamp":"2026-06-05T13:07:25.072Z"}
{"level":"info","message":"API server running on port 3000","timestamp":"2026-06-05T13:07:25.073Z"}
{"level":"info","message":"SIGINT received, shutting down","timestamp":"2026-06-05T13:07:26.835Z"}
{"level":"info","message":"PostgreSQL connected via Prisma","timestamp":"2026-06-05T13:08:23.256Z"}
{"level":"info","message":"Running Prisma migrations...","timestamp":"2026-06-05T13:08:23.261Z"}
{"level":"info","message":"Prisma migrations completed","timestamp":"2026-06-05T13:08:26.811Z"}
{"level":"info","message":"Connecting to RabbitMQ...","timestamp":"2026-06-05T13:08:26.812Z"}
{"level":"info","message":"RabbitMQ topology asserted","timestamp":"2026-06-05T13:08:26.933Z"}
{"level":"info","message":"RabbitMQ connected","timestamp":"2026-06-05T13:08:26.934Z"}
{"level":"info","message":"Redis [default] connected","timestamp":"2026-06-05T13:08:26.939Z"}
{"level":"info","message":"Redis [default] ready","timestamp":"2026-06-05T13:08:26.948Z"}
{"level":"info","message":"Redis connected successfully","timestamp":"2026-06-05T13:08:26.949Z"}
{"level":"info","message":"Cron: scheduler started — expression: \"*/30 * * * * *\"","timestamp":"2026-06-05T13:08:26.979Z"}
{"level":"info","message":"Worker metrics exposed on :9000/metrics","timestamp":"2026-06-05T13:08:26.983Z"}
{"level":"info","message":"API server running on port 3000","timestamp":"2026-06-05T13:08:26.984Z"}
{"level":"info","message":"SIGINT received, shutting down","timestamp":"2026-06-05T13:08:29.438Z"}
{"level":"info","message":"Worker: Started Monitoring Shits","timestamp":"2026-06-05T13:17:06.215Z"}
{"level":"info","message":"Worker metrics exposed on :9001/metrics","timestamp":"2026-06-05T13:17:06.220Z"}
{"level":"info","message":"Worker: database connected","timestamp":"2026-06-05T13:17:06.337Z"}
{"level":"info","message":"Redis [default] connected","timestamp":"2026-06-05T13:17:06.353Z"}
{"level":"info","message":"Redis [default] ready","timestamp":"2026-06-05T13:17:06.365Z"}
{"level":"info","message":"Worker: redis connected","timestamp":"2026-06-05T13:17:06.366Z"}
{"level":"info","message":"Connecting to RabbitMQ...","timestamp":"2026-06-05T13:17:06.367Z"}
{"level":"info","message":"RabbitMQ topology asserted","timestamp":"2026-06-05T13:17:06.470Z"}
{"level":"info","message":"RabbitMQ connected","timestamp":"2026-06-05T13:17:06.471Z"}
{"level":"info","message":"Worker: started, waiting for jobs...","timestamp":"2026-06-05T13:17:06.473Z"}
{"level":"info","message":"Worker: shutdown signal received","timestamp":"2026-06-05T13:17:08.448Z"}
{"level":"info","message":"Worker: Started Monitoring Shits","timestamp":"2026-06-05T13:18:33.587Z"}
{"level":"info","message":"Worker metrics exposed on :9001/metrics","timestamp":"2026-06-05T13:18:33.594Z"}
{"level":"info","message":"Worker: database connected","timestamp":"2026-06-05T13:18:33.689Z"}
{"level":"info","message":"Redis [default] connected","timestamp":"2026-06-05T13:18:33.707Z"}
{"level":"info","message":"Redis [default] ready","timestamp":"2026-06-05T13:18:33.718Z"}
{"level":"info","message":"Worker: redis connected","timestamp":"2026-06-05T13:18:33.719Z"}
{"level":"info","message":"Connecting to RabbitMQ...","timestamp":"2026-06-05T13:18:33.719Z"}
{"level":"info","message":"RabbitMQ topology asserted","timestamp":"2026-06-05T13:18:33.825Z"}
{"level":"info","message":"RabbitMQ connected","timestamp":"2026-06-05T13:18:33.826Z"}
{"level":"info","message":"Worker: started, waiting for jobs...","timestamp":"2026-06-05T13:18:33.828Z"}
{"level":"info","message":"Worker: shutdown signal received","timestamp":"2026-06-05T13:18:36.177Z"}
{"level":"info","message":"PostgreSQL connected via Prisma","timestamp":"2026-06-05T13:45:07.049Z"}
{"level":"info","message":"Running Prisma migrations...","timestamp":"2026-06-05T13:45:07.053Z"}
{"level":"info","message":"Prisma migrations completed","timestamp":"2026-06-05T13:45:11.061Z"}
{"level":"info","message":"Connecting to RabbitMQ...","timestamp":"2026-06-05T13:45:11.062Z"}
{"level":"info","message":"RabbitMQ topology asserted","timestamp":"2026-06-05T13:45:11.314Z"}
{"level":"info","message":"RabbitMQ connected","timestamp":"2026-06-05T13:45:11.315Z"}
{"level":"info","message":"Redis [default] connected","timestamp":"2026-06-05T13:45:11.321Z"}
{"level":"info","message":"Redis [default] ready","timestamp":"2026-06-05T13:45:11.331Z"}
{"level":"info","message":"Redis connected successfully","timestamp":"2026-06-05T13:45:11.332Z"}
{"level":"info","message":"Cron: scheduler started — expression: \"*/30 * * * * *\"","timestamp":"2026-06-05T13:45:11.372Z"}
{"level":"info","message":"Worker metrics exposed on :9000/metrics","timestamp":"2026-06-05T13:45:11.378Z"}
{"level":"info","message":"API server running on port 3000","timestamp":"2026-06-05T13:45:11.379Z"}
{"level":"debug","message":"Cron: no due jobs found","timestamp":"2026-06-05T13:45:30.120Z"}
{"level":"info","message":"Worker: Started Monitoring Shits","timestamp":"2026-06-05T13:45:32.029Z"}
{"level":"info","message":"Worker metrics exposed on :9001/metrics","timestamp":"2026-06-05T13:45:32.034Z"}
{"level":"info","message":"Worker: database connected","timestamp":"2026-06-05T13:45:32.146Z"}
{"level":"info","message":"Redis [default] connected","timestamp":"2026-06-05T13:45:32.166Z"}
{"level":"info","message":"Redis [default] ready","timestamp":"2026-06-05T13:45:32.175Z"}
{"level":"info","message":"Worker: redis connected","timestamp":"2026-06-05T13:45:32.175Z"}
{"level":"info","message":"Connecting to RabbitMQ...","timestamp":"2026-06-05T13:45:32.175Z"}
{"level":"info","message":"RabbitMQ topology asserted","timestamp":"2026-06-05T13:45:32.273Z"}
{"level":"info","message":"RabbitMQ connected","timestamp":"2026-06-05T13:45:32.274Z"}
{"level":"info","message":"Worker: started, waiting for jobs...","timestamp":"2026-06-05T13:45:32.276Z"}
{"level":"debug","message":"Cron: no due jobs found","timestamp":"2026-06-05T13:46:00.063Z"}
{"level":"debug","message":"Cron: no due jobs found","timestamp":"2026-06-05T13:46:30.047Z"}
{"level":"debug","message":"Cron: no due jobs found","timestamp":"2026-06-05T13:47:00.039Z"}
{"level":"debug","message":"Cron: no due jobs found","timestamp":"2026-06-05T13:47:30.023Z"}
{"level":"debug","message":"Cron: no due jobs found","timestamp":"2026-06-05T13:48:00.060Z"}
{"level":"debug","message":"Cron: no due jobs found","timestamp":"2026-06-05T13:48:30.043Z"}
{"level":"debug","message":"Cron: no due jobs found","timestamp":"2026-06-05T13:49:00.041Z"}
{"level":"debug","message":"Cron: no due jobs found","timestamp":"2026-06-05T13:49:30.073Z"}
{"level":"debug","message":"Cron: no due jobs found","timestamp":"2026-06-05T13:50:00.055Z"}
{"level":"debug","message":"Cron: no due jobs found","timestamp":"2026-06-05T13:50:30.020Z"}
{"level":"info","message":"Cron: found 1 due job(s)","timestamp":"2026-06-05T13:51:00.061Z"}
{"level":"info","message":"[MOCK EMAIL] Message delivered to inbox","subject":"nususnl","timestamp":"2026-06-05T13:51:00.206Z","to":"@pk1212"}
{"jobId":"d8f91029-fad4-4fb7-b9d7-8e31840d7799","level":"info","message":"Worker: job sent successfully","timestamp":"2026-06-05T13:51:00.214Z"}
{"level":"debug","message":"Cron: no due jobs found","timestamp":"2026-06-05T13:51:30.056Z"}
{"level":"debug","message":"Cron: no due jobs found","timestamp":"2026-06-05T13:52:00.056Z"}
{"level":"debug","message":"Cron: no due jobs found","timestamp":"2026-06-05T13:52:30.060Z"}
{"level":"debug","message":"Cron: no due jobs found","timestamp":"2026-06-05T13:53:00.062Z"}
{"level":"debug","message":"Cron: no due jobs found","timestamp":"2026-06-05T13:53:30.048Z"}
{"level":"debug","message":"Cron: no due jobs found","timestamp":"2026-06-05T13:54:00.046Z"}
{"level":"debug","message":"Cron: no due jobs found","timestamp":"2026-06-05T13:54:30.045Z"}
{"level":"debug","message":"Cron: no due jobs found","timestamp":"2026-06-05T13:55:00.050Z"}
{"level":"debug","message":"Cron: no due jobs found","timestamp":"2026-06-05T13:55:30.059Z"}
{"level":"debug","message":"Cron: no due jobs found","timestamp":"2026-06-05T13:56:00.083Z"}
{"level":"debug","message":"Cron: no due jobs found","timestamp":"2026-06-05T13:56:30.044Z"}
{"level":"info","message":"Worker: Started Monitoring Shits","timestamp":"2026-06-05T13:56:55.611Z"}
{"level":"info","message":"Worker metrics exposed on :9001/metrics","timestamp":"2026-06-05T13:56:55.618Z"}
{"level":"info","message":"Worker: database connected","timestamp":"2026-06-05T13:56:55.734Z"}
{"level":"info","message":"Redis [default] connected","timestamp":"2026-06-05T13:56:55.760Z"}
{"level":"info","message":"Redis [default] ready","timestamp":"2026-06-05T13:56:55.771Z"}
{"level":"info","message":"Worker: redis connected","timestamp":"2026-06-05T13:56:55.773Z"}
{"level":"info","message":"Connecting to RabbitMQ...","timestamp":"2026-06-05T13:56:55.774Z"}
{"level":"info","message":"RabbitMQ topology asserted","timestamp":"2026-06-05T13:56:55.896Z"}
{"level":"info","message":"RabbitMQ connected","timestamp":"2026-06-05T13:56:55.898Z"}
{"level":"info","message":"Worker: started, waiting for jobs...","timestamp":"2026-06-05T13:56:55.902Z"}
{"level":"info","message":"Worker: shutdown signal received","timestamp":"2026-06-05T13:56:58.799Z"}
{"level":"debug","message":"Cron: no due jobs found","timestamp":"2026-06-05T13:57:00.047Z"}
{"level":"info","message":"Worker: Started Monitoring Shits","timestamp":"2026-06-05T13:57:02.794Z"}
{"level":"info","message":"Worker metrics exposed on :9001/metrics","timestamp":"2026-06-05T13:57:02.799Z"}
{"level":"info","message":"Worker: database connected","timestamp":"2026-06-05T13:57:02.885Z"}
{"level":"info","message":"Redis [default] connected","timestamp":"2026-06-05T13:57:02.906Z"}
{"level":"info","message":"Redis [default] ready","timestamp":"2026-06-05T13:57:02.918Z"}
{"level":"info","message":"Worker: redis connected","timestamp":"2026-06-05T13:57:02.919Z"}
{"level":"info","message":"Connecting to RabbitMQ...","timestamp":"2026-06-05T13:57:02.920Z"}
{"level":"info","message":"RabbitMQ topology asserted","timestamp":"2026-06-05T13:57:03.025Z"}
{"level":"info","message":"RabbitMQ connected","timestamp":"2026-06-05T13:57:03.026Z"}
{"level":"info","message":"Worker: started, waiting for jobs...","timestamp":"2026-06-05T13:57:03.029Z"}
{"level":"debug","message":"Cron: no due jobs found","timestamp":"2026-06-05T13:57:30.066Z"}
{"level":"info","message":"Cron: found 5 due job(s)","timestamp":"2026-06-05T13:58:00.021Z"}
{"level":"info","message":"[MOCK EMAIL] Message delivered to inbox","subject":"nususnl","timestamp":"2026-06-05T13:58:00.186Z","to":"@pk1212"}
{"jobId":"88bb2c8c-e0f1-4717-80ca-1a32a6dcaad8","level":"info","message":"Worker: job sent successfully","timestamp":"2026-06-05T13:58:00.194Z"}
{"level":"info","message":"[MOCK EMAIL] Message delivered to inbox","subject":"nususnl","timestamp":"2026-06-05T13:58:00.229Z","to":"@pk1212"}
{"jobId":"93d913ce-ab21-4f07-a974-0ba334b1aaf4","level":"info","message":"Worker: job sent successfully","timestamp":"2026-06-05T13:58:00.236Z"}
{"level":"info","message":"[MOCK EMAIL] Message delivered to inbox","subject":"nususnl","timestamp":"2026-06-05T13:58:00.267Z","to":"@pk1212"}
{"jobId":"f0ae00fe-9868-42ce-9485-1105f786d400","level":"info","message":"Worker: job sent successfully","timestamp":"2026-06-05T13:58:00.274Z"}
{"level":"info","message":"[MOCK EMAIL] Message delivered to inbox","subject":"nususnl","timestamp":"2026-06-05T13:58:00.304Z","to":"@pk1212"}
{"jobId":"b5731d22-0988-49e2-9ae1-a7adf047d524","level":"info","message":"Worker: job sent successfully","timestamp":"2026-06-05T13:58:00.311Z"}
{"level":"info","message":"[MOCK EMAIL] Message delivered to inbox","subject":"nususnl","timestamp":"2026-06-05T13:58:00.345Z","to":"@pk1212"}
{"jobId":"8ae68998-3c72-4e14-9136-9f05102f11fc","level":"info","message":"Worker: job sent successfully","timestamp":"2026-06-05T13:58:00.351Z"}
{"level":"info","message":"Cron: found 1 due job(s)","timestamp":"2026-06-05T13:58:30.053Z"}
{"level":"info","message":"Worker: Started Monitoring Shits","timestamp":"2026-06-05T13:58:30.376Z"}
{"level":"info","message":"Worker metrics exposed on :9001/metrics","timestamp":"2026-06-05T13:58:30.382Z"}
{"level":"info","message":"Worker: database connected","timestamp":"2026-06-05T13:58:30.474Z"}
{"level":"info","message":"Redis [default] connected","timestamp":"2026-06-05T13:58:30.492Z"}
{"level":"info","message":"Redis [default] ready","timestamp":"2026-06-05T13:58:30.502Z"}
{"level":"info","message":"Worker: redis connected","timestamp":"2026-06-05T13:58:30.503Z"}
{"level":"info","message":"Connecting to RabbitMQ...","timestamp":"2026-06-05T13:58:30.504Z"}
{"level":"info","message":"RabbitMQ topology asserted","timestamp":"2026-06-05T13:58:30.609Z"}
{"level":"info","message":"RabbitMQ connected","timestamp":"2026-06-05T13:58:30.609Z"}
{"level":"info","message":"Worker: started, waiting for jobs...","timestamp":"2026-06-05T13:58:30.612Z"}
{"level":"info","message":"[MOCK EMAIL] Message delivered to inbox","subject":"nususnl","timestamp":"2026-06-05T13:58:30.746Z","to":"@pk1212"}
{"jobId":"76f0003b-b2ae-4fdb-a03d-aedc2d334977","level":"info","message":"Worker: job sent successfully","timestamp":"2026-06-05T13:58:30.753Z"}
{"level":"info","message":"Worker: Started Monitoring Shits","timestamp":"2026-06-05T13:58:36.827Z"}
{"level":"info","message":"Worker metrics exposed on :9001/metrics","timestamp":"2026-06-05T13:58:36.833Z"}
{"level":"info","message":"Worker: database connected","timestamp":"2026-06-05T13:58:36.915Z"}
{"level":"info","message":"Redis [default] connected","timestamp":"2026-06-05T13:58:36.932Z"}
{"level":"info","message":"Redis [default] ready","timestamp":"2026-06-05T13:58:36.943Z"}
{"level":"info","message":"Worker: redis connected","timestamp":"2026-06-05T13:58:36.944Z"}
{"level":"info","message":"Connecting to RabbitMQ...","timestamp":"2026-06-05T13:58:36.945Z"}
{"level":"info","message":"RabbitMQ topology asserted","timestamp":"2026-06-05T13:58:37.042Z"}
{"level":"info","message":"RabbitMQ connected","timestamp":"2026-06-05T13:58:37.042Z"}
{"level":"info","message":"Worker: started, waiting for jobs...","timestamp":"2026-06-05T13:58:37.045Z"}
{"level":"info","message":"Worker: Started Monitoring Shits","timestamp":"2026-06-05T13:58:40.264Z"}
{"level":"info","message":"Worker metrics exposed on :9001/metrics","timestamp":"2026-06-05T13:58:40.270Z"}
{"level":"info","message":"Worker: database connected","timestamp":"2026-06-05T13:58:40.355Z"}
{"level":"info","message":"Redis [default] connected","timestamp":"2026-06-05T13:58:40.378Z"}
{"level":"info","message":"Redis [default] ready","timestamp":"2026-06-05T13:58:40.387Z"}
{"level":"info","message":"Worker: redis connected","timestamp":"2026-06-05T13:58:40.388Z"}
{"level":"info","message":"Connecting to RabbitMQ...","timestamp":"2026-06-05T13:58:40.389Z"}
{"level":"info","message":"RabbitMQ topology asserted","timestamp":"2026-06-05T13:58:40.491Z"}
{"level":"info","message":"RabbitMQ connected","timestamp":"2026-06-05T13:58:40.492Z"}
{"level":"info","message":"Worker: started, waiting for jobs...","timestamp":"2026-06-05T13:58:40.494Z"}
{"level":"info","message":"Worker: Started Monitoring Shits","timestamp":"2026-06-05T13:58:44.039Z"}
{"level":"info","message":"Worker metrics exposed on :9001/metrics","timestamp":"2026-06-05T13:58:44.045Z"}
{"level":"info","message":"Worker: database connected","timestamp":"2026-06-05T13:58:44.132Z"}
{"level":"info","message":"Redis [default] connected","timestamp":"2026-06-05T13:58:44.154Z"}
{"level":"info","message":"Redis [default] ready","timestamp":"2026-06-05T13:58:44.164Z"}
{"level":"info","message":"Worker: redis connected","timestamp":"2026-06-05T13:58:44.165Z"}
{"level":"info","message":"Connecting to RabbitMQ...","timestamp":"2026-06-05T13:58:44.166Z"}
{"level":"info","message":"RabbitMQ topology asserted","timestamp":"2026-06-05T13:58:44.267Z"}
{"level":"info","message":"RabbitMQ connected","timestamp":"2026-06-05T13:58:44.268Z"}
{"level":"info","message":"Worker: started, waiting for jobs...","timestamp":"2026-06-05T13:58:44.271Z"}
{"level":"info","message":"Worker: Started Monitoring Shits","timestamp":"2026-06-05T13:58:48.416Z"}
{"level":"info","message":"Worker metrics exposed on :9001/metrics","timestamp":"2026-06-05T13:58:48.423Z"}
{"level":"info","message":"Worker: database connected","timestamp":"2026-06-05T13:58:48.537Z"}
{"level":"info","message":"Redis [default] connected","timestamp":"2026-06-05T13:58:48.578Z"}
{"level":"info","message":"Redis [default] ready","timestamp":"2026-06-05T13:58:48.590Z"}
{"level":"info","message":"Worker: redis connected","timestamp":"2026-06-05T13:58:48.591Z"}
{"level":"info","message":"Connecting to RabbitMQ...","timestamp":"2026-06-05T13:58:48.592Z"}
{"level":"info","message":"RabbitMQ topology asserted","timestamp":"2026-06-05T13:58:48.693Z"}
{"level":"info","message":"RabbitMQ connected","timestamp":"2026-06-05T13:58:48.694Z"}
{"level":"info","message":"Worker: started, waiting for jobs...","timestamp":"2026-06-05T13:58:48.698Z"}
{"level":"info","message":"Worker: Started Monitoring Shits","timestamp":"2026-06-05T13:58:55.488Z"}
{"level":"info","message":"Worker metrics exposed on :9001/metrics","timestamp":"2026-06-05T13:58:55.493Z"}
{"level":"info","message":"Worker: database connected","timestamp":"2026-06-05T13:58:55.577Z"}
{"level":"info","message":"Redis [default] connected","timestamp":"2026-06-05T13:58:55.600Z"}
{"level":"info","message":"Redis [default] ready","timestamp":"2026-06-05T13:58:55.609Z"}
{"level":"info","message":"Worker: redis connected","timestamp":"2026-06-05T13:58:55.610Z"}
{"level":"info","message":"Connecting to RabbitMQ...","timestamp":"2026-06-05T13:58:55.611Z"}
{"level":"info","message":"RabbitMQ topology asserted","timestamp":"2026-06-05T13:58:55.715Z"}
{"level":"info","message":"RabbitMQ connected","timestamp":"2026-06-05T13:58:55.716Z"}
{"level":"info","message":"Worker: started, waiting for jobs...","timestamp":"2026-06-05T13:58:55.720Z"}
{"level":"debug","message":"Cron: no due jobs found","timestamp":"2026-06-05T13:59:00.051Z"}
{"level":"info","message":"Cron: found 1 due job(s)","timestamp":"2026-06-05T13:59:30.041Z"}
{"jobId":"4dfc9222-5f16-4cb6-884f-21c10bddc73b","level":"info","message":"Worker: job sent successfully","timestamp":"2026-06-05T13:59:30.204Z"}
{"level":"debug","message":"Cron: no due jobs found","timestamp":"2026-06-05T14:00:00.061Z"}
{"level":"debug","message":"Cron: no due jobs found","timestamp":"2026-06-05T14:00:30.057Z"}
{"level":"debug","message":"Cron: no due jobs found","timestamp":"2026-06-05T14:01:00.047Z"}
{"level":"debug","message":"Cron: no due jobs found","timestamp":"2026-06-05T14:01:30.057Z"}
{"level":"debug","message":"Cron: no due jobs found","timestamp":"2026-06-05T14:02:00.049Z"}
{"level":"debug","message":"Cron: no due jobs found","timestamp":"2026-06-05T14:02:30.054Z"}
{"level":"debug","message":"Cron: no due jobs found","timestamp":"2026-06-05T14:03:00.056Z"}
{"level":"debug","message":"Cron: no due jobs found","timestamp":"2026-06-05T14:03:30.056Z"}
{"level":"debug","message":"Cron: no due jobs found","timestamp":"2026-06-05T14:04:00.048Z"}
{"level":"debug","message":"Cron: no due jobs found","timestamp":"2026-06-05T14:04:30.048Z"}
{"level":"debug","message":"Cron: no due jobs found","timestamp":"2026-06-05T14:05:00.070Z"}
{"level":"debug","message":"Cron: no due jobs found","timestamp":"2026-06-05T14:05:30.050Z"}
{"level":"debug","message":"Cron: no due jobs found","timestamp":"2026-06-05T14:06:00.049Z"}
{"level":"debug","message":"Cron: no due jobs found","timestamp":"2026-06-05T14:06:30.051Z"}
{"level":"debug","message":"Cron: no due jobs found","timestamp":"2026-06-05T14:07:00.049Z"}
{"level":"debug","message":"Cron: no due jobs found","timestamp":"2026-06-05T14:07:30.045Z"}
{"level":"debug","message":"Cron: no due jobs found","timestamp":"2026-06-05T14:08:00.036Z"}
{"level":"debug","message":"Cron: no due jobs found","timestamp":"2026-06-05T14:08:30.083Z"}
{"level":"info","message":"Worker: Started Monitoring Shits","timestamp":"2026-06-05T14:08:46.575Z"}
{"level":"info","message":"Worker metrics exposed on :9001/metrics","timestamp":"2026-06-05T14:08:46.581Z"}
{"level":"info","message":"Worker: database connected","timestamp":"2026-06-05T14:08:46.664Z"}
{"level":"info","message":"Redis [default] connected","timestamp":"2026-06-05T14:08:46.688Z"}
{"level":"info","message":"Redis [default] ready","timestamp":"2026-06-05T14:08:46.699Z"}
{"level":"info","message":"Worker: redis connected","timestamp":"2026-06-05T14:08:46.701Z"}
{"level":"info","message":"Connecting to RabbitMQ...","timestamp":"2026-06-05T14:08:46.703Z"}
{"level":"info","message":"RabbitMQ topology asserted","timestamp":"2026-06-05T14:08:46.802Z"}
{"level":"info","message":"RabbitMQ connected","timestamp":"2026-06-05T14:08:46.803Z"}
{"level":"info","message":"Worker: started, waiting for jobs...","timestamp":"2026-06-05T14:08:46.806Z"}
{"level":"debug","message":"Cron: no due jobs found","timestamp":"2026-06-05T14:09:00.045Z"}
{"level":"info","message":"Worker: Started Monitoring Shits","timestamp":"2026-06-05T14:09:03.236Z"}
{"level":"info","message":"Worker metrics exposed on :9001/metrics","timestamp":"2026-06-05T14:09:03.244Z"}
{"level":"info","message":"Worker: database connected","timestamp":"2026-06-05T14:09:03.341Z"}
{"level":"info","message":"Redis [default] connected","timestamp":"2026-06-05T14:09:03.359Z"}
{"level":"info","message":"Redis [default] ready","timestamp":"2026-06-05T14:09:03.370Z"}
{"level":"info","message":"Worker: redis connected","timestamp":"2026-06-05T14:09:03.371Z"}
{"level":"info","message":"Connecting to RabbitMQ...","timestamp":"2026-06-05T14:09:03.372Z"}
{"level":"info","message":"RabbitMQ topology asserted","timestamp":"2026-06-05T14:09:03.482Z"}
{"level":"info","message":"RabbitMQ connected","timestamp":"2026-06-05T14:09:03.483Z"}
{"level":"info","message":"Worker: started, waiting for jobs...","timestamp":"2026-06-05T14:09:03.486Z"}
{"level":"info","message":"Worker: Started Monitoring Shits","timestamp":"2026-06-05T14:09:06.507Z"}
{"level":"info","message":"Worker metrics exposed on :9001/metrics","timestamp":"2026-06-05T14:09:06.518Z"}
{"level":"info","message":"Worker: database connected","timestamp":"2026-06-05T14:09:06.634Z"}
{"level":"info","message":"Redis [default] connected","timestamp":"2026-06-05T14:09:06.655Z"}
{"level":"info","message":"Redis [default] ready","timestamp":"2026-06-05T14:09:06.671Z"}
{"level":"info","message":"Worker: redis connected","timestamp":"2026-06-05T14:09:06.672Z"}
{"level":"info","message":"Connecting to RabbitMQ...","timestamp":"2026-06-05T14:09:06.674Z"}
{"level":"info","message":"RabbitMQ topology asserted","timestamp":"2026-06-05T14:09:06.774Z"}
{"level":"info","message":"RabbitMQ connected","timestamp":"2026-06-05T14:09:06.775Z"}
{"level":"info","message":"Worker: started, waiting for jobs...","timestamp":"2026-06-05T14:09:06.778Z"}
{"level":"info","message":"Worker: Started Monitoring Shits","timestamp":"2026-06-05T14:09:07.889Z"}
{"level":"info","message":"Worker metrics exposed on :9001/metrics","timestamp":"2026-06-05T14:09:07.895Z"}
{"level":"info","message":"Worker: database connected","timestamp":"2026-06-05T14:09:07.978Z"}
{"level":"info","message":"Redis [default] connected","timestamp":"2026-06-05T14:09:07.993Z"}
{"level":"info","message":"Redis [default] ready","timestamp":"2026-06-05T14:09:08.001Z"}
{"level":"info","message":"Worker: redis connected","timestamp":"2026-06-05T14:09:08.001Z"}
{"level":"info","message":"Connecting to RabbitMQ...","timestamp":"2026-06-05T14:09:08.002Z"}
{"level":"info","message":"RabbitMQ topology asserted","timestamp":"2026-06-05T14:09:08.106Z"}
{"level":"info","message":"RabbitMQ connected","timestamp":"2026-06-05T14:09:08.107Z"}
{"level":"info","message":"Worker: started, waiting for jobs...","timestamp":"2026-06-05T14:09:08.111Z"}
{"level":"info","message":"Worker: Started Monitoring Shits","timestamp":"2026-06-05T14:09:10.311Z"}
{"level":"info","message":"Worker metrics exposed on :9001/metrics","timestamp":"2026-06-05T14:09:10.316Z"}
{"level":"info","message":"Worker: database connected","timestamp":"2026-06-05T14:09:10.393Z"}
{"level":"info","message":"Redis [default] connected","timestamp":"2026-06-05T14:09:10.409Z"}
{"level":"info","message":"Redis [default] ready","timestamp":"2026-06-05T14:09:10.418Z"}
{"level":"info","message":"Worker: redis connected","timestamp":"2026-06-05T14:09:10.419Z"}
{"level":"info","message":"Connecting to RabbitMQ...","timestamp":"2026-06-05T14:09:10.420Z"}
{"level":"info","message":"RabbitMQ topology asserted","timestamp":"2026-06-05T14:09:10.523Z"}
{"level":"info","message":"RabbitMQ connected","timestamp":"2026-06-05T14:09:10.524Z"}
{"level":"info","message":"Worker: started, waiting for jobs...","timestamp":"2026-06-05T14:09:10.527Z"}
{"level":"info","message":"Cron: found 4 due job(s)","timestamp":"2026-06-05T14:09:30.037Z"}
{"error":"This is for testing the retry functionality if its working properly..., remove this when its tested","level":"error","message":"[MOCK EMAIL] Failed to deliver message","timestamp":"2026-06-05T14:09:30.156Z","to":"@pk1212"}
{"error":"This is for testing the retry functionality if its working properly..., remove this when its tested","jobId":"80f013d4-8713-43ae-9ef2-1eb7d89ee62e","level":"error","message":"Worker: job failed","timestamp":"2026-06-05T14:09:30.157Z"}
{"attempt":"1/3","jobId":"80f013d4-8713-43ae-9ef2-1eb7d89ee62e","level":"warn","message":"Worker: queued for retry","timestamp":"2026-06-05T14:09:30.166Z"}
{"error":"This is for testing the retry functionality if its working properly..., remove this when its tested","level":"error","message":"[MOCK EMAIL] Failed to deliver message","timestamp":"2026-06-05T14:09:30.227Z","to":"@pk1212"}
{"error":"This is for testing the retry functionality if its working properly..., remove this when its tested","jobId":"4034763f-80ca-4469-8c24-8db2ff845705","level":"error","message":"Worker: job failed","timestamp":"2026-06-05T14:09:30.228Z"}
{"attempt":"1/3","jobId":"4034763f-80ca-4469-8c24-8db2ff845705","level":"warn","message":"Worker: queued for retry","timestamp":"2026-06-05T14:09:30.234Z"}
{"error":"This is for testing the retry functionality if its working properly..., remove this when its tested","level":"error","message":"[MOCK EMAIL] Failed to deliver message","timestamp":"2026-06-05T14:09:30.293Z","to":"@pk1212"}
{"error":"This is for testing the retry functionality if its working properly..., remove this when its tested","jobId":"a685a157-1ef2-40a5-8216-5e8f350a132e","level":"error","message":"Worker: job failed","timestamp":"2026-06-05T14:09:30.294Z"}
{"attempt":"1/3","jobId":"a685a157-1ef2-40a5-8216-5e8f350a132e","level":"warn","message":"Worker: queued for retry","timestamp":"2026-06-05T14:09:30.302Z"}
{"error":"This is for testing the retry functionality if its working properly..., remove this when its tested","level":"error","message":"[MOCK EMAIL] Failed to deliver message","timestamp":"2026-06-05T14:09:30.357Z","to":"@pk1212"}
{"error":"This is for testing the retry functionality if its working properly..., remove this when its tested","jobId":"c8aeed09-516f-4cda-b4d2-7edda900340b","level":"error","message":"Worker: job failed","timestamp":"2026-06-05T14:09:30.359Z"}
{"attempt":"1/3","jobId":"c8aeed09-516f-4cda-b4d2-7edda900340b","level":"warn","message":"Worker: queued for retry","timestamp":"2026-06-05T14:09:30.364Z"}
{"error":"This is for testing the retry functionality if its working properly..., remove this when its tested","level":"error","message":"[MOCK EMAIL] Failed to deliver message","timestamp":"2026-06-05T14:10:00.012Z","to":"@pk1212"}
{"error":"This is for testing the retry functionality if its working properly..., remove this when its tested","jobId":"80f013d4-8713-43ae-9ef2-1eb7d89ee62e","level":"error","message":"Worker: job failed","timestamp":"2026-06-05T14:10:00.015Z"}
{"attempt":"2/3","jobId":"80f013d4-8713-43ae-9ef2-1eb7d89ee62e","level":"warn","message":"Worker: queued for retry","timestamp":"2026-06-05T14:10:00.031Z"}
{"error":"This is for testing the retry functionality if its working properly..., remove this when its tested","level":"error","message":"[MOCK EMAIL] Failed to deliver message","timestamp":"2026-06-05T14:10:00.054Z","to":"@pk1212"}
{"error":"This is for testing the retry functionality if its working properly..., remove this when its tested","jobId":"4034763f-80ca-4469-8c24-8db2ff845705","level":"error","message":"Worker: job failed","timestamp":"2026-06-05T14:10:00.055Z"}
{"attempt":"2/3","jobId":"4034763f-80ca-4469-8c24-8db2ff845705","level":"warn","message":"Worker: queued for retry","timestamp":"2026-06-05T14:10:00.064Z"}
{"level":"debug","message":"Cron: no due jobs found","timestamp":"2026-06-05T14:10:00.087Z"}
{"error":"This is for testing the retry functionality if its working properly..., remove this when its tested","level":"error","message":"[MOCK EMAIL] Failed to deliver message","timestamp":"2026-06-05T14:10:00.124Z","to":"@pk1212"}
{"error":"This is for testing the retry functionality if its working properly..., remove this when its tested","jobId":"a685a157-1ef2-40a5-8216-5e8f350a132e","level":"error","message":"Worker: job failed","timestamp":"2026-06-05T14:10:00.125Z"}
{"attempt":"2/3","jobId":"a685a157-1ef2-40a5-8216-5e8f350a132e","level":"warn","message":"Worker: queued for retry","timestamp":"2026-06-05T14:10:00.131Z"}
{"error":"This is for testing the retry functionality if its working properly..., remove this when its tested","level":"error","message":"[MOCK EMAIL] Failed to deliver message","timestamp":"2026-06-05T14:10:00.190Z","to":"@pk1212"}
{"error":"This is for testing the retry functionality if its working properly..., remove this when its tested","jobId":"c8aeed09-516f-4cda-b4d2-7edda900340b","level":"error","message":"Worker: job failed","timestamp":"2026-06-05T14:10:00.191Z"}
{"attempt":"2/3","jobId":"c8aeed09-516f-4cda-b4d2-7edda900340b","level":"warn","message":"Worker: queued for retry","timestamp":"2026-06-05T14:10:00.197Z"}
{"error":"This is for testing the retry functionality if its working properly..., remove this when its tested","level":"error","message":"[MOCK EMAIL] Failed to deliver message","timestamp":"2026-06-05T14:10:29.659Z","to":"@pk1212"}
{"error":"This is for testing the retry functionality if its working properly..., remove this when its tested","jobId":"80f013d4-8713-43ae-9ef2-1eb7d89ee62e","level":"error","message":"Worker: job failed","timestamp":"2026-06-05T14:10:29.660Z"}
{"attempt":"3/3","jobId":"80f013d4-8713-43ae-9ef2-1eb7d89ee62e","level":"warn","message":"Worker: queued for retry","timestamp":"2026-06-05T14:10:29.665Z"}
{"error":"This is for testing the retry functionality if its working properly..., remove this when its tested","level":"error","message":"[MOCK EMAIL] Failed to deliver message","timestamp":"2026-06-05T14:10:29.682Z","to":"@pk1212"}
{"error":"This is for testing the retry functionality if its working properly..., remove this when its tested","jobId":"4034763f-80ca-4469-8c24-8db2ff845705","level":"error","message":"Worker: job failed","timestamp":"2026-06-05T14:10:29.683Z"}
{"attempt":"3/3","jobId":"4034763f-80ca-4469-8c24-8db2ff845705","level":"warn","message":"Worker: queued for retry","timestamp":"2026-06-05T14:10:29.688Z"}
{"error":"This is for testing the retry functionality if its working properly..., remove this when its tested","level":"error","message":"[MOCK EMAIL] Failed to deliver message","timestamp":"2026-06-05T14:10:29.744Z","to":"@pk1212"}
{"error":"This is for testing the retry functionality if its working properly..., remove this when its tested","jobId":"a685a157-1ef2-40a5-8216-5e8f350a132e","level":"error","message":"Worker: job failed","timestamp":"2026-06-05T14:10:29.746Z"}
{"attempt":"3/3","jobId":"a685a157-1ef2-40a5-8216-5e8f350a132e","level":"warn","message":"Worker: queued for retry","timestamp":"2026-06-05T14:10:29.753Z"}
{"error":"This is for testing the retry functionality if its working properly..., remove this when its tested","level":"error","message":"[MOCK EMAIL] Failed to deliver message","timestamp":"2026-06-05T14:10:29.810Z","to":"@pk1212"}
{"error":"This is for testing the retry functionality if its working properly..., remove this when its tested","jobId":"c8aeed09-516f-4cda-b4d2-7edda900340b","level":"error","message":"Worker: job failed","timestamp":"2026-06-05T14:10:29.810Z"}
{"attempt":"3/3","jobId":"c8aeed09-516f-4cda-b4d2-7edda900340b","level":"warn","message":"Worker: queued for retry","timestamp":"2026-06-05T14:10:29.815Z"}
{"level":"debug","message":"Cron: no due jobs found","timestamp":"2026-06-05T14:10:30.049Z"}
{"error":"This is for testing the retry functionality if its working properly..., remove this when its tested","level":"error","message":"[MOCK EMAIL] Failed to deliver message","timestamp":"2026-06-05T14:10:59.755Z","to":"@pk1212"}
{"error":"This is for testing the retry functionality if its working properly..., remove this when its tested","jobId":"80f013d4-8713-43ae-9ef2-1eb7d89ee62e","level":"error","message":"Worker: job failed","timestamp":"2026-06-05T14:10:59.755Z"}
{"jobId":"80f013d4-8713-43ae-9ef2-1eb7d89ee62e","level":"error","message":"Worker: job permanently failed, sent to DLQ","timestamp":"2026-06-05T14:10:59.763Z"}
{"error":"This is for testing the retry functionality if its working properly..., remove this when its tested","level":"error","message":"[MOCK EMAIL] Failed to deliver message","timestamp":"2026-06-05T14:10:59.778Z","to":"@pk1212"}
{"error":"This is for testing the retry functionality if its working properly..., remove this when its tested","jobId":"4034763f-80ca-4469-8c24-8db2ff845705","level":"error","message":"Worker: job failed","timestamp":"2026-06-05T14:10:59.779Z"}
{"jobId":"4034763f-80ca-4469-8c24-8db2ff845705","level":"error","message":"Worker: job permanently failed, sent to DLQ","timestamp":"2026-06-05T14:10:59.784Z"}
{"error":"This is for testing the retry functionality if its working properly..., remove this when its tested","level":"error","message":"[MOCK EMAIL] Failed to deliver message","timestamp":"2026-06-05T14:10:59.840Z","to":"@pk1212"}
{"error":"This is for testing the retry functionality if its working properly..., remove this when its tested","jobId":"a685a157-1ef2-40a5-8216-5e8f350a132e","level":"error","message":"Worker: job failed","timestamp":"2026-06-05T14:10:59.840Z"}
{"jobId":"a685a157-1ef2-40a5-8216-5e8f350a132e","level":"error","message":"Worker: job permanently failed, sent to DLQ","timestamp":"2026-06-05T14:10:59.846Z"}
{"error":"This is for testing the retry functionality if its working properly..., remove this when its tested","level":"error","message":"[MOCK EMAIL] Failed to deliver message","timestamp":"2026-06-05T14:10:59.900Z","to":"@pk1212"}
{"error":"This is for testing the retry functionality if its working properly..., remove this when its tested","jobId":"c8aeed09-516f-4cda-b4d2-7edda900340b","level":"error","message":"Worker: job failed","timestamp":"2026-06-05T14:10:59.901Z"}
{"jobId":"c8aeed09-516f-4cda-b4d2-7edda900340b","level":"error","message":"Worker: job permanently failed, sent to DLQ","timestamp":"2026-06-05T14:10:59.905Z"}
{"level":"debug","message":"Cron: no due jobs found","timestamp":"2026-06-05T14:11:00.060Z"}
{"level":"debug","message":"Cron: no due jobs found","timestamp":"2026-06-05T14:11:30.046Z"}
{"level":"debug","message":"Cron: no due jobs found","timestamp":"2026-06-05T14:12:00.091Z"}
{"level":"info","message":"Worker: Started Monitoring Shits","timestamp":"2026-06-05T14:12:13.015Z"}
{"level":"info","message":"Worker metrics exposed on :9001/metrics","timestamp":"2026-06-05T14:12:13.022Z"}
{"level":"info","message":"Worker: database connected","timestamp":"2026-06-05T14:12:13.115Z"}
{"level":"info","message":"Redis [default] connected","timestamp":"2026-06-05T14:12:13.134Z"}
{"level":"info","message":"Redis [default] ready","timestamp":"2026-06-05T14:12:13.145Z"}
{"level":"info","message":"Worker: redis connected","timestamp":"2026-06-05T14:12:13.146Z"}
{"level":"info","message":"Connecting to RabbitMQ...","timestamp":"2026-06-05T14:12:13.148Z"}
{"level":"info","message":"RabbitMQ topology asserted","timestamp":"2026-06-05T14:12:13.262Z"}
{"level":"info","message":"RabbitMQ connected","timestamp":"2026-06-05T14:12:13.263Z"}
{"level":"info","message":"Worker: started, waiting for jobs...","timestamp":"2026-06-05T14:12:13.267Z"}
{"level":"debug","message":"Cron: no due jobs found","timestamp":"2026-06-05T14:12:30.057Z"}
{"level":"debug","message":"Cron: no due jobs found","timestamp":"2026-06-05T14:13:00.042Z"}
{"level":"debug","message":"Cron: no due jobs found","timestamp":"2026-06-05T14:13:30.048Z"}
{"level":"debug","message":"Cron: no due jobs found","timestamp":"2026-06-05T14:14:00.051Z"}
{"level":"debug","message":"Cron: no due jobs found","timestamp":"2026-06-05T14:14:30.044Z"}
{"level":"debug","message":"Cron: no due jobs found","timestamp":"2026-06-05T14:15:00.046Z"}
{"level":"debug","message":"Cron: no due jobs found","timestamp":"2026-06-05T14:15:30.053Z"}
{"level":"debug","message":"Cron: no due jobs found","timestamp":"2026-06-05T14:16:00.055Z"}
{"level":"debug","message":"Cron: no due jobs found","timestamp":"2026-06-05T14:16:30.060Z"}
{"level":"debug","message":"Cron: no due jobs found","timestamp":"2026-06-05T14:17:00.043Z"}
{"level":"debug","message":"Cron: no due jobs found","timestamp":"2026-06-05T14:17:30.059Z"}
{"level":"debug","message":"Cron: no due jobs found","timestamp":"2026-06-05T14:18:00.047Z"}
{"level":"debug","message":"Cron: no due jobs found","timestamp":"2026-06-05T14:18:30.052Z"}
{"level":"debug","message":"Cron: no due jobs found","timestamp":"2026-06-05T14:19:00.052Z"}
{"level":"info","message":"Cron: found 4 due job(s)","timestamp":"2026-06-05T14:19:30.055Z"}
{"error":"This is for testing the retry functionality if its working properly..., remove this when its tested","level":"error","message":"[MOCK EMAIL] Failed to deliver message","timestamp":"2026-06-05T14:19:30.159Z","to":"@pk1212"}
{"error":"This is for testing the retry functionality if its working properly..., remove this when its tested","jobId":"94a5fd4e-fd37-404b-b11a-4919d948d5dc","level":"error","message":"Worker: job failed","timestamp":"2026-06-05T14:19:30.160Z"}
{"attempt":"1/3","jobId":"94a5fd4e-fd37-404b-b11a-4919d948d5dc","level":"warn","message":"Worker: queued for retry","timestamp":"2026-06-05T14:19:30.168Z"}
{"error":"This is for testing the retry functionality if its working properly..., remove this when its tested","level":"error","message":"[MOCK EMAIL] Failed to deliver message","timestamp":"2026-06-05T14:19:30.188Z","to":"@pk1212"}
{"error":"This is for testing the retry functionality if its working properly..., remove this when its tested","jobId":"5c7ae4fe-e488-47cb-9e60-9d0b58a00316","level":"error","message":"Worker: job failed","timestamp":"2026-06-05T14:19:30.189Z"}
{"attempt":"1/3","jobId":"5c7ae4fe-e488-47cb-9e60-9d0b58a00316","level":"warn","message":"Worker: queued for retry","timestamp":"2026-06-05T14:19:30.195Z"}
{"error":"This is for testing the retry functionality if its working properly..., remove this when its tested","level":"error","message":"[MOCK EMAIL] Failed to deliver message","timestamp":"2026-06-05T14:19:30.255Z","to":"@pk1212"}
{"error":"This is for testing the retry functionality if its working properly..., remove this when its tested","jobId":"c24d0153-745d-44f1-b828-885881db0ef5","level":"error","message":"Worker: job failed","timestamp":"2026-06-05T14:19:30.256Z"}
{"attempt":"1/3","jobId":"c24d0153-745d-44f1-b828-885881db0ef5","level":"warn","message":"Worker: queued for retry","timestamp":"2026-06-05T14:19:30.264Z"}
{"error":"This is for testing the retry functionality if its working properly..., remove this when its tested","level":"error","message":"[MOCK EMAIL] Failed to deliver message","timestamp":"2026-06-05T14:19:30.325Z","to":"@pk1212"}
{"error":"This is for testing the retry functionality if its working properly..., remove this when its tested","jobId":"9401d236-1c66-4548-8635-54b799aee6df","level":"error","message":"Worker: job failed","timestamp":"2026-06-05T14:19:30.326Z"}
{"attempt":"1/3","jobId":"9401d236-1c66-4548-8635-54b799aee6df","level":"warn","message":"Worker: queued for retry","timestamp":"2026-06-05T14:19:30.332Z"}
{"error":"This is for testing the retry functionality if its working properly..., remove this when its tested","level":"error","message":"[MOCK EMAIL] Failed to deliver message","timestamp":"2026-06-05T14:19:59.906Z","to":"@pk1212"}
{"error":"This is for testing the retry functionality if its working properly..., remove this when its tested","jobId":"94a5fd4e-fd37-404b-b11a-4919d948d5dc","level":"error","message":"Worker: job failed","timestamp":"2026-06-05T14:19:59.907Z"}
{"attempt":"2/3","jobId":"94a5fd4e-fd37-404b-b11a-4919d948d5dc","level":"warn","message":"Worker: queued for retry","timestamp":"2026-06-05T14:19:59.914Z"}
{"error":"This is for testing the retry functionality if its working properly..., remove this when its tested","level":"error","message":"[MOCK EMAIL] Failed to deliver message","timestamp":"2026-06-05T14:19:59.933Z","to":"@pk1212"}
{"error":"This is for testing the retry functionality if its working properly..., remove this when its tested","jobId":"5c7ae4fe-e488-47cb-9e60-9d0b58a00316","level":"error","message":"Worker: job failed","timestamp":"2026-06-05T14:19:59.934Z"}
{"attempt":"2/3","jobId":"5c7ae4fe-e488-47cb-9e60-9d0b58a00316","level":"warn","message":"Worker: queued for retry","timestamp":"2026-06-05T14:19:59.940Z"}
{"error":"This is for testing the retry functionality if its working properly..., remove this when its tested","level":"error","message":"[MOCK EMAIL] Failed to deliver message","timestamp":"2026-06-05T14:20:00.001Z","to":"@pk1212"}
{"error":"This is for testing the retry functionality if its working properly..., remove this when its tested","jobId":"c24d0153-745d-44f1-b828-885881db0ef5","level":"error","message":"Worker: job failed","timestamp":"2026-06-05T14:20:00.002Z"}
{"attempt":"2/3","jobId":"c24d0153-745d-44f1-b828-885881db0ef5","level":"warn","message":"Worker: queued for retry","timestamp":"2026-06-05T14:20:00.011Z"}
{"level":"debug","message":"Cron: no due jobs found","timestamp":"2026-06-05T14:20:00.065Z"}
{"error":"This is for testing the retry functionality if its working properly..., remove this when its tested","level":"error","message":"[MOCK EMAIL] Failed to deliver message","timestamp":"2026-06-05T14:20:00.073Z","to":"@pk1212"}
{"error":"This is for testing the retry functionality if its working properly..., remove this when its tested","jobId":"9401d236-1c66-4548-8635-54b799aee6df","level":"error","message":"Worker: job failed","timestamp":"2026-06-05T14:20:00.074Z"}
{"attempt":"2/3","jobId":"9401d236-1c66-4548-8635-54b799aee6df","level":"warn","message":"Worker: queued for retry","timestamp":"2026-06-05T14:20:00.083Z"}
{"error":"This is for testing the retry functionality if its working properly..., remove this when its tested","level":"error","message":"[MOCK EMAIL] Failed to deliver message","timestamp":"2026-06-05T14:20:29.804Z","to":"@pk1212"}
{"error":"This is for testing the retry functionality if its working properly..., remove this when its tested","jobId":"94a5fd4e-fd37-404b-b11a-4919d948d5dc","level":"error","message":"Worker: job failed","timestamp":"2026-06-05T14:20:29.805Z"}
{"attempt":"3/3","jobId":"94a5fd4e-fd37-404b-b11a-4919d948d5dc","level":"warn","message":"Worker: queued for retry","timestamp":"2026-06-05T14:20:29.810Z"}
{"error":"This is for testing the retry functionality if its working properly..., remove this when its tested","level":"error","message":"[MOCK EMAIL] Failed to deliver message","timestamp":"2026-06-05T14:20:29.826Z","to":"@pk1212"}
{"error":"This is for testing the retry functionality if its working properly..., remove this when its tested","jobId":"5c7ae4fe-e488-47cb-9e60-9d0b58a00316","level":"error","message":"Worker: job failed","timestamp":"2026-06-05T14:20:29.827Z"}
{"attempt":"3/3","jobId":"5c7ae4fe-e488-47cb-9e60-9d0b58a00316","level":"warn","message":"Worker: queued for retry","timestamp":"2026-06-05T14:20:29.832Z"}
{"error":"This is for testing the retry functionality if its working properly..., remove this when its tested","level":"error","message":"[MOCK EMAIL] Failed to deliver message","timestamp":"2026-06-05T14:20:29.889Z","to":"@pk1212"}
{"error":"This is for testing the retry functionality if its working properly..., remove this when its tested","jobId":"c24d0153-745d-44f1-b828-885881db0ef5","level":"error","message":"Worker: job failed","timestamp":"2026-06-05T14:20:29.890Z"}
{"attempt":"3/3","jobId":"c24d0153-745d-44f1-b828-885881db0ef5","level":"warn","message":"Worker: queued for retry","timestamp":"2026-06-05T14:20:29.895Z"}
{"error":"This is for testing the retry functionality if its working properly..., remove this when its tested","level":"error","message":"[MOCK EMAIL] Failed to deliver message","timestamp":"2026-06-05T14:20:29.953Z","to":"@pk1212"}
{"error":"This is for testing the retry functionality if its working properly..., remove this when its tested","jobId":"9401d236-1c66-4548-8635-54b799aee6df","level":"error","message":"Worker: job failed","timestamp":"2026-06-05T14:20:29.954Z"}
{"attempt":"3/3","jobId":"9401d236-1c66-4548-8635-54b799aee6df","level":"warn","message":"Worker: queued for retry","timestamp":"2026-06-05T14:20:29.959Z"}
{"level":"debug","message":"Cron: no due jobs found","timestamp":"2026-06-05T14:20:30.045Z"}
{"error":"This is for testing the retry functionality if its working properly..., remove this when its tested","level":"error","message":"[MOCK EMAIL] Failed to deliver message","timestamp":"2026-06-05T14:20:59.676Z","to":"@pk1212"}
{"error":"This is for testing the retry functionality if its working properly..., remove this when its tested","jobId":"94a5fd4e-fd37-404b-b11a-4919d948d5dc","level":"error","message":"Worker: job failed","timestamp":"2026-06-05T14:20:59.677Z"}
{"jobId":"94a5fd4e-fd37-404b-b11a-4919d948d5dc","level":"error","message":"Worker: job permanently failed, sent to DLQ","timestamp":"2026-06-05T14:20:59.684Z"}
{"error":"This is for testing the retry functionality if its working properly..., remove this when its tested","level":"error","message":"[MOCK EMAIL] Failed to deliver message","timestamp":"2026-06-05T14:20:59.699Z","to":"@pk1212"}
{"error":"This is for testing the retry functionality if its working properly..., remove this when its tested","jobId":"5c7ae4fe-e488-47cb-9e60-9d0b58a00316","level":"error","message":"Worker: job failed","timestamp":"2026-06-05T14:20:59.700Z"}
{"jobId":"5c7ae4fe-e488-47cb-9e60-9d0b58a00316","level":"error","message":"Worker: job permanently failed, sent to DLQ","timestamp":"2026-06-05T14:20:59.705Z"}
{"error":"This is for testing the retry functionality if its working properly..., remove this when its tested","level":"error","message":"[MOCK EMAIL] Failed to deliver message","timestamp":"2026-06-05T14:20:59.760Z","to":"@pk1212"}
{"error":"This is for testing the retry functionality if its working properly..., remove this when its tested","jobId":"c24d0153-745d-44f1-b828-885881db0ef5","level":"error","message":"Worker: job failed","timestamp":"2026-06-05T14:20:59.761Z"}
{"jobId":"c24d0153-745d-44f1-b828-885881db0ef5","level":"error","message":"Worker: job permanently failed, sent to DLQ","timestamp":"2026-06-05T14:20:59.766Z"}
{"error":"This is for testing the retry functionality if its working properly..., remove this when its tested","level":"error","message":"[MOCK EMAIL] Failed to deliver message","timestamp":"2026-06-05T14:20:59.820Z","to":"@pk1212"}
{"error":"This is for testing the retry functionality if its working properly..., remove this when its tested","jobId":"9401d236-1c66-4548-8635-54b799aee6df","level":"error","message":"Worker: job failed","timestamp":"2026-06-05T14:20:59.821Z"}
{"jobId":"9401d236-1c66-4548-8635-54b799aee6df","level":"error","message":"Worker: job permanently failed, sent to DLQ","timestamp":"2026-06-05T14:20:59.827Z"}
{"level":"debug","message":"Cron: no due jobs found","timestamp":"2026-06-05T14:21:00.077Z"}
{"level":"debug","message":"Cron: no due jobs found","timestamp":"2026-06-05T14:21:30.047Z"}
{"level":"debug","message":"Cron: no due jobs found","timestamp":"2026-06-05T14:22:00.054Z"}
{"level":"debug","message":"Cron: no due jobs found","timestamp":"2026-06-05T14:22:30.046Z"}
{"level":"debug","message":"Cron: no due jobs found","timestamp":"2026-06-05T14:23:00.046Z"}
{"level":"debug","message":"Cron: no due jobs found","timestamp":"2026-06-05T14:23:30.048Z"}
{"level":"debug","message":"Cron: no due jobs found","timestamp":"2026-06-05T14:24:00.045Z"}
{"level":"debug","message":"Cron: no due jobs found","timestamp":"2026-06-05T14:24:30.049Z"}
{"level":"debug","message":"Cron: no due jobs found","timestamp":"2026-06-05T14:25:00.041Z"}
{"level":"debug","message":"Cron: no due jobs found","timestamp":"2026-06-05T14:25:30.050Z"}
{"level":"debug","message":"Cron: no due jobs found","timestamp":"2026-06-05T14:26:00.061Z"}
{"level":"debug","message":"Cron: no due jobs found","timestamp":"2026-06-05T14:26:30.053Z"}
{"level":"debug","message":"Cron: no due jobs found","timestamp":"2026-06-05T14:27:00.057Z"}
{"level":"debug","message":"Cron: no due jobs found","timestamp":"2026-06-05T14:27:30.060Z"}
{"level":"debug","message":"Cron: no due jobs found","timestamp":"2026-06-05T14:28:00.050Z"}
{"level":"debug","message":"Cron: no due jobs found","timestamp":"2026-06-05T14:28:30.050Z"}
{"level":"debug","message":"Cron: no due jobs found","timestamp":"2026-06-05T14:29:00.051Z"}
{"level":"debug","message":"Cron: no due jobs found","timestamp":"2026-06-05T14:29:30.053Z"}
{"level":"debug","message":"Cron: no due jobs found","timestamp":"2026-06-05T14:30:00.056Z"}
{"level":"debug","message":"Cron: no due jobs found","timestamp":"2026-06-05T14:30:30.047Z"}
{"level":"debug","message":"Cron: no due jobs found","timestamp":"2026-06-05T14:31:00.049Z"}
{"level":"debug","message":"Cron: no due jobs found","timestamp":"2026-06-05T14:31:30.058Z"}
{"level":"debug","message":"Cron: no due jobs found","timestamp":"2026-06-05T14:32:00.052Z"}
{"level":"debug","message":"Cron: no due jobs found","timestamp":"2026-06-05T14:32:30.063Z"}
{"level":"debug","message":"Cron: no due jobs found","timestamp":"2026-06-05T14:33:00.053Z"}
{"level":"debug","message":"Cron: no due jobs found","timestamp":"2026-06-05T14:33:30.046Z"}
{"level":"debug","message":"Cron: no due jobs found","timestamp":"2026-06-05T14:34:00.043Z"}
{"level":"debug","message":"Cron: no due jobs found","timestamp":"2026-06-05T14:34:30.048Z"}
{"level":"info","message":"Worker: Started Monitoring Shits","timestamp":"2026-06-05T14:34:49.417Z"}
{"level":"info","message":"Worker metrics exposed on :9001/metrics","timestamp":"2026-06-05T14:34:49.422Z"}
{"level":"info","message":"Worker: database connected","timestamp":"2026-06-05T14:34:49.502Z"}
{"level":"info","message":"Redis [default] connected","timestamp":"2026-06-05T14:34:49.519Z"}
{"level":"info","message":"Redis [default] ready","timestamp":"2026-06-05T14:34:49.529Z"}
{"level":"info","message":"Worker: redis connected","timestamp":"2026-06-05T14:34:49.530Z"}
{"level":"info","message":"Connecting to RabbitMQ...","timestamp":"2026-06-05T14:34:49.531Z"}
{"level":"info","message":"RabbitMQ topology asserted","timestamp":"2026-06-05T14:34:49.631Z"}
{"level":"info","message":"RabbitMQ connected","timestamp":"2026-06-05T14:34:49.632Z"}
{"level":"info","message":"Worker: started, waiting for jobs...","timestamp":"2026-06-05T14:34:49.635Z"}
{"level":"debug","message":"Cron: no due jobs found","timestamp":"2026-06-05T14:35:00.042Z"}
{"level":"debug","message":"Cron: no due jobs found","timestamp":"2026-06-05T14:35:30.067Z"}
{"level":"info","message":"Worker: Started Monitoring Shits","timestamp":"2026-06-05T14:35:34.242Z"}
{"level":"info","message":"Worker metrics exposed on :9001/metrics","timestamp":"2026-06-05T14:35:34.246Z"}
{"level":"info","message":"Worker: database connected","timestamp":"2026-06-05T14:35:34.334Z"}
{"level":"info","message":"Redis [default] connected","timestamp":"2026-06-05T14:35:34.355Z"}
{"level":"info","message":"Redis [default] ready","timestamp":"2026-06-05T14:35:34.366Z"}
{"level":"info","message":"Worker: redis connected","timestamp":"2026-06-05T14:35:34.367Z"}
{"level":"info","message":"Connecting to RabbitMQ...","timestamp":"2026-06-05T14:35:34.368Z"}
{"level":"info","message":"RabbitMQ topology asserted","timestamp":"2026-06-05T14:35:34.472Z"}
{"level":"info","message":"RabbitMQ connected","timestamp":"2026-06-05T14:35:34.473Z"}
{"level":"info","message":"Worker: started, waiting for jobs...","timestamp":"2026-06-05T14:35:34.475Z"}
{"level":"debug","message":"Cron: no due jobs found","timestamp":"2026-06-05T14:36:00.054Z"}
{"level":"info","message":"Worker: Started Monitoring Shits","timestamp":"2026-06-05T14:36:20.150Z"}
{"level":"info","message":"Worker metrics exposed on :9001/metrics","timestamp":"2026-06-05T14:36:20.155Z"}
{"level":"info","message":"Worker: database connected","timestamp":"2026-06-05T14:36:20.250Z"}
{"level":"info","message":"Redis [default] connected","timestamp":"2026-06-05T14:36:20.271Z"}
{"level":"info","message":"Redis [default] ready","timestamp":"2026-06-05T14:36:20.281Z"}
{"level":"info","message":"Worker: redis connected","timestamp":"2026-06-05T14:36:20.282Z"}
{"level":"info","message":"Connecting to RabbitMQ...","timestamp":"2026-06-05T14:36:20.283Z"}
{"level":"info","message":"RabbitMQ topology asserted","timestamp":"2026-06-05T14:36:20.388Z"}
{"level":"info","message":"RabbitMQ connected","timestamp":"2026-06-05T14:36:20.389Z"}
{"level":"info","message":"Worker: started, waiting for jobs...","timestamp":"2026-06-05T14:36:20.393Z"}
{"level":"info","message":"Worker: Started Monitoring Shits","timestamp":"2026-06-05T14:36:24.721Z"}
{"level":"info","message":"Worker metrics exposed on :9001/metrics","timestamp":"2026-06-05T14:36:24.726Z"}
{"level":"info","message":"Worker: database connected","timestamp":"2026-06-05T14:36:24.803Z"}
{"level":"info","message":"Redis [default] connected","timestamp":"2026-06-05T14:36:24.821Z"}
{"level":"info","message":"Redis [default] ready","timestamp":"2026-06-05T14:36:24.830Z"}
{"level":"info","message":"Worker: redis connected","timestamp":"2026-06-05T14:36:24.831Z"}
{"level":"info","message":"Connecting to RabbitMQ...","timestamp":"2026-06-05T14:36:24.832Z"}
{"level":"info","message":"RabbitMQ topology asserted","timestamp":"2026-06-05T14:36:24.933Z"}
{"level":"info","message":"RabbitMQ connected","timestamp":"2026-06-05T14:36:24.934Z"}
{"level":"info","message":"Worker: started, waiting for jobs...","timestamp":"2026-06-05T14:36:24.937Z"}
{"level":"debug","message":"Cron: no due jobs found","timestamp":"2026-06-05T14:36:30.070Z"}
{"level":"info","message":"Worker: Started Monitoring Shits","timestamp":"2026-06-05T14:36:30.943Z"}
{"level":"info","message":"Worker metrics exposed on :9001/metrics","timestamp":"2026-06-05T14:36:30.948Z"}
{"level":"info","message":"Worker: database connected","timestamp":"2026-06-05T14:36:31.035Z"}
{"level":"info","message":"Redis [default] connected","timestamp":"2026-06-05T14:36:31.055Z"}
{"level":"info","message":"Redis [default] ready","timestamp":"2026-06-05T14:36:31.064Z"}
{"level":"info","message":"Worker: redis connected","timestamp":"2026-06-05T14:36:31.065Z"}
{"level":"info","message":"Connecting to RabbitMQ...","timestamp":"2026-06-05T14:36:31.066Z"}
{"level":"info","message":"RabbitMQ topology asserted","timestamp":"2026-06-05T14:36:31.165Z"}
{"level":"info","message":"RabbitMQ connected","timestamp":"2026-06-05T14:36:31.166Z"}
{"level":"info","message":"Worker: started, waiting for jobs...","timestamp":"2026-06-05T14:36:31.169Z"}
{"level":"info","message":"Worker: Started Monitoring Shits","timestamp":"2026-06-05T14:36:34.564Z"}
{"level":"info","message":"Worker metrics exposed on :9001/metrics","timestamp":"2026-06-05T14:36:34.569Z"}
{"level":"info","message":"Worker: database connected","timestamp":"2026-06-05T14:36:34.655Z"}
{"level":"info","message":"Redis [default] connected","timestamp":"2026-06-05T14:36:34.672Z"}
{"level":"info","message":"Redis [default] ready","timestamp":"2026-06-05T14:36:34.682Z"}
{"level":"info","message":"Worker: redis connected","timestamp":"2026-06-05T14:36:34.683Z"}
{"level":"info","message":"Connecting to RabbitMQ...","timestamp":"2026-06-05T14:36:34.684Z"}
{"level":"info","message":"RabbitMQ topology asserted","timestamp":"2026-06-05T14:36:34.775Z"}
{"level":"info","message":"RabbitMQ connected","timestamp":"2026-06-05T14:36:34.776Z"}
{"level":"info","message":"Worker: started, waiting for jobs...","timestamp":"2026-06-05T14:36:34.779Z"}
{"level":"info","message":"Worker: Started Monitoring Shits","timestamp":"2026-06-05T14:36:38.227Z"}
{"level":"info","message":"Worker metrics exposed on :9001/metrics","timestamp":"2026-06-05T14:36:38.232Z"}
{"level":"info","message":"Worker: database connected","timestamp":"2026-06-05T14:36:38.308Z"}
{"level":"info","message":"Redis [default] connected","timestamp":"2026-06-05T14:36:38.325Z"}
{"level":"info","message":"Redis [default] ready","timestamp":"2026-06-05T14:36:38.334Z"}
{"level":"info","message":"Worker: redis connected","timestamp":"2026-06-05T14:36:38.335Z"}
{"level":"info","message":"Connecting to RabbitMQ...","timestamp":"2026-06-05T14:36:38.336Z"}
{"level":"info","message":"RabbitMQ topology asserted","timestamp":"2026-06-05T14:36:38.433Z"}
{"level":"info","message":"RabbitMQ connected","timestamp":"2026-06-05T14:36:38.434Z"}
{"level":"info","message":"Worker: started, waiting for jobs...","timestamp":"2026-06-05T14:36:38.437Z"}
{"level":"info","message":"Worker: Started Monitoring Shits","timestamp":"2026-06-05T14:36:50.469Z"}
{"level":"info","message":"Worker metrics exposed on :9001/metrics","timestamp":"2026-06-05T14:36:50.475Z"}
{"level":"info","message":"Worker: database connected","timestamp":"2026-06-05T14:36:50.567Z"}
{"level":"info","message":"Redis [default] connected","timestamp":"2026-06-05T14:36:50.584Z"}
{"level":"info","message":"Redis [default] ready","timestamp":"2026-06-05T14:36:50.593Z"}
{"level":"info","message":"Worker: redis connected","timestamp":"2026-06-05T14:36:50.594Z"}
{"level":"info","message":"Connecting to RabbitMQ...","timestamp":"2026-06-05T14:36:50.595Z"}
{"level":"info","message":"RabbitMQ topology asserted","timestamp":"2026-06-05T14:36:50.707Z"}
{"level":"info","message":"RabbitMQ connected","timestamp":"2026-06-05T14:36:50.708Z"}
{"level":"info","message":"Worker: started, waiting for jobs...","timestamp":"2026-06-05T14:36:50.713Z"}
{"level":"info","message":"Worker: Started Monitoring Shits","timestamp":"2026-06-05T14:36:52.574Z"}
{"level":"info","message":"Worker metrics exposed on :9001/metrics","timestamp":"2026-06-05T14:36:52.579Z"}
{"level":"info","message":"Worker: database connected","timestamp":"2026-06-05T14:36:52.656Z"}
{"level":"info","message":"Redis [default] connected","timestamp":"2026-06-05T14:36:52.681Z"}
{"level":"info","message":"Redis [default] ready","timestamp":"2026-06-05T14:36:52.691Z"}
{"level":"info","message":"Worker: redis connected","timestamp":"2026-06-05T14:36:52.692Z"}
{"level":"info","message":"Connecting to RabbitMQ...","timestamp":"2026-06-05T14:36:52.693Z"}
{"level":"info","message":"RabbitMQ topology asserted","timestamp":"2026-06-05T14:36:52.790Z"}
{"level":"info","message":"RabbitMQ connected","timestamp":"2026-06-05T14:36:52.790Z"}
{"level":"info","message":"Worker: started, waiting for jobs...","timestamp":"2026-06-05T14:36:52.793Z"}
{"level":"info","message":"Worker: Started Monitoring Shits","timestamp":"2026-06-05T14:36:57.281Z"}
{"level":"info","message":"Worker metrics exposed on :9001/metrics","timestamp":"2026-06-05T14:36:57.309Z"}
{"level":"info","message":"Worker: database connected","timestamp":"2026-06-05T14:36:57.448Z"}
{"level":"info","message":"Redis [default] connected","timestamp":"2026-06-05T14:36:57.472Z"}
{"level":"info","message":"Redis [default] ready","timestamp":"2026-06-05T14:36:57.482Z"}
{"level":"info","message":"Worker: redis connected","timestamp":"2026-06-05T14:36:57.483Z"}
{"level":"info","message":"Connecting to RabbitMQ...","timestamp":"2026-06-05T14:36:57.484Z"}
{"level":"info","message":"RabbitMQ topology asserted","timestamp":"2026-06-05T14:36:57.591Z"}
{"level":"info","message":"RabbitMQ connected","timestamp":"2026-06-05T14:36:57.592Z"}
{"level":"info","message":"Worker: started, waiting for jobs...","timestamp":"2026-06-05T14:36:57.596Z"}
{"level":"debug","message":"Cron: no due jobs found","timestamp":"2026-06-05T14:37:00.045Z"}
{"level":"info","message":"Worker: Started Monitoring Shits","timestamp":"2026-06-05T14:37:06.843Z"}
{"level":"info","message":"Worker metrics exposed on :9001/metrics","timestamp":"2026-06-05T14:37:06.847Z"}
{"level":"info","message":"Worker: database connected","timestamp":"2026-06-05T14:37:06.923Z"}
{"level":"info","message":"Redis [default] connected","timestamp":"2026-06-05T14:37:06.939Z"}
{"level":"info","message":"Redis [default] ready","timestamp":"2026-06-05T14:37:06.949Z"}
{"level":"info","message":"Worker: redis connected","timestamp":"2026-06-05T14:37:06.950Z"}
{"level":"info","message":"Connecting to RabbitMQ...","timestamp":"2026-06-05T14:37:06.951Z"}
{"level":"info","message":"RabbitMQ topology asserted","timestamp":"2026-06-05T14:37:07.049Z"}
{"level":"info","message":"RabbitMQ connected","timestamp":"2026-06-05T14:37:07.050Z"}
{"level":"info","message":"Worker: started, waiting for jobs...","timestamp":"2026-06-05T14:37:07.053Z"}
{"level":"info","message":"Worker: Started Monitoring Shits","timestamp":"2026-06-05T14:37:08.000Z"}
{"level":"info","message":"Worker metrics exposed on :9001/metrics","timestamp":"2026-06-05T14:37:08.010Z"}
{"level":"info","message":"Worker: database connected","timestamp":"2026-06-05T14:37:08.109Z"}
{"level":"info","message":"Redis [default] connected","timestamp":"2026-06-05T14:37:08.134Z"}
{"level":"info","message":"Redis [default] ready","timestamp":"2026-06-05T14:37:08.147Z"}
{"level":"info","message":"Worker: redis connected","timestamp":"2026-06-05T14:37:08.150Z"}
{"level":"info","message":"Connecting to RabbitMQ...","timestamp":"2026-06-05T14:37:08.151Z"}
{"level":"info","message":"RabbitMQ topology asserted","timestamp":"2026-06-05T14:37:08.253Z"}
{"level":"info","message":"RabbitMQ connected","timestamp":"2026-06-05T14:37:08.254Z"}
{"level":"info","message":"Worker: started, waiting for jobs...","timestamp":"2026-06-05T14:37:08.257Z"}
{"level":"info","message":"Worker: Started Monitoring Shits","timestamp":"2026-06-05T14:37:13.095Z"}
{"level":"info","message":"Worker metrics exposed on :9001/metrics","timestamp":"2026-06-05T14:37:13.101Z"}
{"level":"info","message":"Worker: database connected","timestamp":"2026-06-05T14:37:13.177Z"}
{"level":"info","message":"Redis [default] connected","timestamp":"2026-06-05T14:37:13.193Z"}
{"level":"info","message":"Redis [default] ready","timestamp":"2026-06-05T14:37:13.202Z"}
{"level":"info","message":"Worker: redis connected","timestamp":"2026-06-05T14:37:13.203Z"}
{"level":"info","message":"Connecting to RabbitMQ...","timestamp":"2026-06-05T14:37:13.205Z"}
{"level":"info","message":"RabbitMQ topology asserted","timestamp":"2026-06-05T14:37:13.302Z"}
{"level":"info","message":"RabbitMQ connected","timestamp":"2026-06-05T14:37:13.303Z"}
{"level":"info","message":"Worker: started, waiting for jobs...","timestamp":"2026-06-05T14:37:13.305Z"}
{"level":"debug","message":"Cron: no due jobs found","timestamp":"2026-06-05T14:37:30.060Z"}
{"level":"debug","message":"Cron: no due jobs found","timestamp":"2026-06-05T14:38:00.044Z"}
{"level":"debug","message":"Cron: no due jobs found","timestamp":"2026-06-05T14:38:30.061Z"}
{"level":"debug","message":"Cron: no due jobs found","timestamp":"2026-06-05T14:39:00.054Z"}
{"level":"debug","message":"Cron: no due jobs found","timestamp":"2026-06-05T14:39:30.047Z"}
{"level":"info","message":"Worker: Started Monitoring Shits","timestamp":"2026-06-05T14:39:52.951Z"}
{"level":"info","message":"Worker metrics exposed on :9001/metrics","timestamp":"2026-06-05T14:39:52.956Z"}
{"level":"info","message":"Worker: database connected","timestamp":"2026-06-05T14:39:53.031Z"}
{"level":"info","message":"Redis [default] connected","timestamp":"2026-06-05T14:39:53.049Z"}
{"level":"info","message":"Redis [default] ready","timestamp":"2026-06-05T14:39:53.060Z"}
{"level":"info","message":"Worker: redis connected","timestamp":"2026-06-05T14:39:53.061Z"}
{"level":"info","message":"Connecting to RabbitMQ...","timestamp":"2026-06-05T14:39:53.062Z"}
{"level":"info","message":"RabbitMQ topology asserted","timestamp":"2026-06-05T14:39:53.158Z"}
{"level":"info","message":"RabbitMQ connected","timestamp":"2026-06-05T14:39:53.159Z"}
{"level":"info","message":"Worker: started, waiting for jobs...","timestamp":"2026-06-05T14:39:53.163Z"}
{"level":"debug","message":"Cron: no due jobs found","timestamp":"2026-06-05T14:40:00.054Z"}
{"level":"info","message":"Worker: Started Monitoring Shits","timestamp":"2026-06-05T14:40:19.411Z"}
{"level":"info","message":"Worker metrics exposed on :9001/metrics","timestamp":"2026-06-05T14:40:19.416Z"}
{"level":"info","message":"Worker: database connected","timestamp":"2026-06-05T14:40:19.492Z"}
{"level":"info","message":"Redis [default] connected","timestamp":"2026-06-05T14:40:19.507Z"}
{"level":"info","message":"Redis [default] ready","timestamp":"2026-06-05T14:40:19.516Z"}
{"level":"info","message":"Worker: redis connected","timestamp":"2026-06-05T14:40:19.517Z"}
{"level":"info","message":"Connecting to RabbitMQ...","timestamp":"2026-06-05T14:40:19.518Z"}
{"level":"info","message":"RabbitMQ topology asserted","timestamp":"2026-06-05T14:40:19.614Z"}
{"level":"info","message":"RabbitMQ connected","timestamp":"2026-06-05T14:40:19.615Z"}
{"level":"info","message":"Worker: started, waiting for jobs...","timestamp":"2026-06-05T14:40:19.618Z"}
{"level":"debug","message":"Cron: no due jobs found","timestamp":"2026-06-05T14:40:30.045Z"}
{"level":"debug","message":"Cron: no due jobs found","timestamp":"2026-06-05T14:41:00.045Z"}
{"level":"debug","message":"Cron: no due jobs found","timestamp":"2026-06-05T14:41:30.061Z"}
{"level":"debug","message":"Cron: no due jobs found","timestamp":"2026-06-05T14:42:00.057Z"}
{"level":"debug","message":"Cron: no due jobs found","timestamp":"2026-06-05T14:42:30.033Z"}
{"level":"debug","message":"Cron: no due jobs found","timestamp":"2026-06-05T14:43:00.053Z"}
{"level":"debug","message":"Cron: no due jobs found","timestamp":"2026-06-05T14:43:30.053Z"}
{"level":"debug","message":"Cron: no due jobs found","timestamp":"2026-06-05T14:44:00.057Z"}
{"level":"debug","message":"Cron: no due jobs found","timestamp":"2026-06-05T14:44:30.049Z"}
{"level":"debug","message":"Cron: no due jobs found","timestamp":"2026-06-05T14:45:00.045Z"}
{"level":"debug","message":"Cron: no due jobs found","timestamp":"2026-06-05T14:45:30.035Z"}
{"level":"debug","message":"Cron: no due jobs found","timestamp":"2026-06-05T14:46:00.075Z"}
{"level":"debug","message":"Cron: no due jobs found","timestamp":"2026-06-05T14:46:30.090Z"}
{"level":"debug","message":"Cron: no due jobs found","timestamp":"2026-06-05T14:47:00.082Z"}
{"level":"debug","message":"Cron: no due jobs found","timestamp":"2026-06-05T14:47:30.083Z"}
{"level":"debug","message":"Cron: no due jobs found","timestamp":"2026-06-05T14:48:00.088Z"}
{"level":"debug","message":"Cron: no due jobs found","timestamp":"2026-06-05T14:48:30.082Z"}
{"level":"debug","message":"Cron: no due jobs found","timestamp":"2026-06-05T14:49:00.094Z"}
{"level":"debug","message":"Cron: no due jobs found","timestamp":"2026-06-05T14:49:30.086Z"}
{"level":"debug","message":"Cron: no due jobs found","timestamp":"2026-06-05T14:50:00.090Z"}
{"level":"debug","message":"Cron: no due jobs found","timestamp":"2026-06-05T14:50:30.084Z"}
{"level":"debug","message":"Cron: no due jobs found","timestamp":"2026-06-05T14:51:00.088Z"}
{"level":"debug","message":"Cron: no due jobs found","timestamp":"2026-06-05T14:51:30.074Z"}
{"level":"debug","message":"Cron: no due jobs found","timestamp":"2026-06-05T14:52:00.109Z"}
{"level":"debug","message":"Cron: no due jobs found","timestamp":"2026-06-05T14:52:30.067Z"}
{"level":"debug","message":"Cron: no due jobs found","timestamp":"2026-06-05T14:53:00.081Z"}
{"level":"debug","message":"Cron: no due jobs found","timestamp":"2026-06-05T14:53:30.082Z"}
{"level":"debug","message":"Cron: no due jobs found","timestamp":"2026-06-05T14:54:00.094Z"}
{"level":"debug","message":"Cron: no due jobs found","timestamp":"2026-06-05T14:54:30.082Z"}
{"level":"debug","message":"Cron: no due jobs found","timestamp":"2026-06-05T14:55:00.085Z"}
{"level":"debug","message":"Cron: no due jobs found","timestamp":"2026-06-05T14:55:30.075Z"}
{"level":"debug","message":"Cron: no due jobs found","timestamp":"2026-06-05T14:56:00.079Z"}
{"level":"debug","message":"Cron: no due jobs found","timestamp":"2026-06-05T14:56:30.080Z"}
{"level":"debug","message":"Cron: no due jobs found","timestamp":"2026-06-05T14:57:00.127Z"}
{"level":"info","message":"Cron: found 1 due job(s)","timestamp":"2026-06-05T14:57:30.069Z"}
{"error":"This is for testing the retry functionality if its working properly..., remove this when its tested","level":"error","message":"[MOCK EMAIL] Failed to deliver message","timestamp":"2026-06-05T14:57:30.332Z","to":"@pk1212"}
{"error":"This is for testing the retry functionality if its working properly..., remove this when its tested","jobId":"909ca440-c492-49cd-a7d3-fcbe2fab34df","level":"error","message":"Worker: job failed","timestamp":"2026-06-05T14:57:30.334Z"}
{"attempt":"1/3","jobId":"909ca440-c492-49cd-a7d3-fcbe2fab34df","level":"warn","message":"Worker: queued for retry","timestamp":"2026-06-05T14:57:30.347Z"}
{"level":"debug","message":"Cron: no due jobs found","timestamp":"2026-06-05T14:58:00.130Z"}
{"error":"This is for testing the retry functionality if its working properly..., remove this when its tested","level":"error","message":"[MOCK EMAIL] Failed to deliver message","timestamp":"2026-06-05T14:58:00.158Z","to":"@pk1212"}
{"error":"This is for testing the retry functionality if its working properly..., remove this when its tested","jobId":"909ca440-c492-49cd-a7d3-fcbe2fab34df","level":"error","message":"Worker: job failed","timestamp":"2026-06-05T14:58:00.160Z"}
{"attempt":"2/3","jobId":"909ca440-c492-49cd-a7d3-fcbe2fab34df","level":"warn","message":"Worker: queued for retry","timestamp":"2026-06-05T14:58:00.171Z"}
{"level":"debug","message":"Cron: no due jobs found","timestamp":"2026-06-05T14:58:30.090Z"}
{"error":"This is for testing the retry functionality if its working properly..., remove this when its tested","level":"error","message":"[MOCK EMAIL] Failed to deliver message","timestamp":"2026-06-05T14:58:30.114Z","to":"@pk1212"}
{"error":"This is for testing the retry functionality if its working properly..., remove this when its tested","jobId":"909ca440-c492-49cd-a7d3-fcbe2fab34df","level":"error","message":"Worker: job failed","timestamp":"2026-06-05T14:58:30.115Z"}
{"attempt":"3/3","jobId":"909ca440-c492-49cd-a7d3-fcbe2fab34df","level":"warn","message":"Worker: queued for retry","timestamp":"2026-06-05T14:58:30.141Z"}
{"error":"This is for testing the retry functionality if its working properly..., remove this when its tested","level":"error","message":"[MOCK EMAIL] Failed to deliver message","timestamp":"2026-06-05T14:59:00.023Z","to":"@pk1212"}
{"error":"This is for testing the retry functionality if its working properly..., remove this when its tested","jobId":"909ca440-c492-49cd-a7d3-fcbe2fab34df","level":"error","message":"Worker: job failed","timestamp":"2026-06-05T14:59:00.025Z"}
{"jobId":"909ca440-c492-49cd-a7d3-fcbe2fab34df","level":"error","message":"Worker: job permanently failed, sent to DLQ","timestamp":"2026-06-05T14:59:00.045Z"}
{"level":"debug","message":"Cron: no due jobs found","timestamp":"2026-06-05T14:59:00.080Z"}
{"level":"debug","message":"Cron: no due jobs found","timestamp":"2026-06-05T14:59:30.081Z"}
{"level":"debug","message":"Cron: no due jobs found","timestamp":"2026-06-05T15:00:00.147Z"}
{"level":"debug","message":"Cron: no due jobs found","timestamp":"2026-06-05T15:00:30.078Z"}
{"level":"debug","message":"Cron: no due jobs found","timestamp":"2026-06-05T15:01:00.137Z"}
{"level":"debug","message":"Cron: no due jobs found","timestamp":"2026-06-05T15:01:30.057Z"}
{"level":"debug","message":"Cron: no due jobs found","timestamp":"2026-06-05T15:02:00.092Z"}
{"level":"debug","message":"Cron: no due jobs found","timestamp":"2026-06-05T15:02:30.081Z"}
{"level":"debug","message":"Cron: no due jobs found","timestamp":"2026-06-05T15:03:00.078Z"}
{"level":"debug","message":"Cron: no due jobs found","timestamp":"2026-06-05T15:03:30.083Z"}
{"level":"debug","message":"Cron: no due jobs found","timestamp":"2026-06-05T15:04:00.070Z"}
{"level":"debug","message":"Cron: no due jobs found","timestamp":"2026-06-05T15:04:30.074Z"}
{"level":"debug","message":"Cron: no due jobs found","timestamp":"2026-06-05T15:05:00.067Z"}
{"level":"debug","message":"Cron: no due jobs found","timestamp":"2026-06-05T15:05:30.076Z"}
{"level":"debug","message":"Cron: no due jobs found","timestamp":"2026-06-05T15:06:00.108Z"}
{"level":"debug","message":"Cron: no due jobs found","timestamp":"2026-06-05T15:06:30.070Z"}
{"level":"info","message":"SIGINT received, shutting down","timestamp":"2026-06-05T15:06:33.526Z"}
{"level":"info","message":"Worker: shutdown signal received","timestamp":"2026-06-05T15:06:41.765Z"}
{"level":"info","message":"PostgreSQL connected via Prisma","timestamp":"2026-06-05T15:08:06.499Z"}
{"level":"info","message":"Running Prisma migrations...","timestamp":"2026-06-05T15:08:06.511Z"}
{"level":"info","message":"Prisma migrations completed","timestamp":"2026-06-05T15:08:15.980Z"}
{"level":"info","message":"Connecting to RabbitMQ...","timestamp":"2026-06-05T15:08:15.982Z"}
{"level":"info","message":"PostgreSQL connected via Prisma","timestamp":"2026-06-05T15:08:27.350Z"}
{"level":"info","message":"Running Prisma migrations...","timestamp":"2026-06-05T15:08:27.358Z"}
{"level":"info","message":"Prisma migrations completed","timestamp":"2026-06-05T15:08:33.855Z"}
{"level":"info","message":"Connecting to RabbitMQ...","timestamp":"2026-06-05T15:08:33.856Z"}
{"level":"info","message":"RabbitMQ topology asserted","timestamp":"2026-06-05T15:08:34.209Z"}
{"level":"info","message":"RabbitMQ connected","timestamp":"2026-06-05T15:08:34.210Z"}
{"level":"info","message":"Redis [default] connected","timestamp":"2026-06-05T15:08:34.223Z"}
{"level":"info","message":"Redis [default] ready","timestamp":"2026-06-05T15:08:34.239Z"}
{"level":"info","message":"Redis connected successfully","timestamp":"2026-06-05T15:08:34.240Z"}
{"level":"info","message":"Cron: scheduler started — expression: \"*/30 * * * * *\"","timestamp":"2026-06-05T15:08:34.298Z"}
{"level":"info","message":"Worker metrics exposed on :9000/metrics","timestamp":"2026-06-05T15:08:34.305Z"}
{"level":"info","message":"API server running on port 3000","timestamp":"2026-06-05T15:08:34.306Z"}
{"level":"info","message":"Worker: Started Monitoring Shits","timestamp":"2026-06-05T15:08:43.117Z"}
{"level":"info","message":"Worker metrics exposed on :9001/metrics","timestamp":"2026-06-05T15:08:43.126Z"}
{"level":"info","message":"Worker: database connected","timestamp":"2026-06-05T15:08:43.293Z"}
{"level":"info","message":"Redis [default] connected","timestamp":"2026-06-05T15:08:43.326Z"}
{"level":"info","message":"Redis [default] ready","timestamp":"2026-06-05T15:08:43.341Z"}
{"level":"info","message":"Worker: redis connected","timestamp":"2026-06-05T15:08:43.342Z"}
{"level":"info","message":"Connecting to RabbitMQ...","timestamp":"2026-06-05T15:08:43.343Z"}
{"level":"info","message":"RabbitMQ topology asserted","timestamp":"2026-06-05T15:08:43.491Z"}
{"level":"info","message":"RabbitMQ connected","timestamp":"2026-06-05T15:08:43.492Z"}
{"level":"info","message":"Worker: started, waiting for jobs...","timestamp":"2026-06-05T15:08:43.498Z"}
{"level":"debug","message":"Cron: no due jobs found","timestamp":"2026-06-05T15:09:00.269Z"}
{"level":"debug","message":"Cron: no due jobs found","timestamp":"2026-06-05T15:09:30.086Z"}
{"level":"debug","message":"Cron: no due jobs found","timestamp":"2026-06-05T15:10:00.104Z"}
{"level":"debug","message":"Cron: no due jobs found","timestamp":"2026-06-05T15:10:30.077Z"}
{"level":"debug","message":"Cron: no due jobs found","timestamp":"2026-06-05T15:11:00.106Z"}
{"level":"debug","message":"Cron: no due jobs found","timestamp":"2026-06-05T15:11:30.073Z"}
{"level":"debug","message":"Cron: no due jobs found","timestamp":"2026-06-05T15:12:00.093Z"}
{"level":"debug","message":"Cron: no due jobs found","timestamp":"2026-06-05T15:12:30.078Z"}
{"level":"debug","message":"Cron: no due jobs found","timestamp":"2026-06-05T15:13:00.160Z"}
{"level":"debug","message":"Cron: no due jobs found","timestamp":"2026-06-05T15:13:30.051Z"}
{"level":"info","message":"Cron: found 1 due job(s)","timestamp":"2026-06-05T15:14:00.104Z"}
{"error":"This is for testing the retry functionality if its working properly..., remove this when its tested","level":"error","message":"[MOCK EMAIL] Failed to deliver message","timestamp":"2026-06-05T15:14:00.315Z","to":"@pk1212"}
{"error":"This is for testing the retry functionality if its working properly..., remove this when its tested","jobId":"6a295258-ad78-4c4b-99cf-4598a2db05e4","level":"error","message":"Worker: job failed","timestamp":"2026-06-05T15:14:00.316Z"}
{"attempt":"1/3","jobId":"6a295258-ad78-4c4b-99cf-4598a2db05e4","level":"warn","message":"Worker: queued for retry","timestamp":"2026-06-05T15:14:00.329Z"}
{"level":"debug","message":"Cron: no due jobs found","timestamp":"2026-06-05T15:14:30.092Z"}
{"error":"This is for testing the retry functionality if its working properly..., remove this when its tested","level":"error","message":"[MOCK EMAIL] Failed to deliver message","timestamp":"2026-06-05T15:14:31.875Z","to":"@pk1212"}
{"error":"This is for testing the retry functionality if its working properly..., remove this when its tested","jobId":"6a295258-ad78-4c4b-99cf-4598a2db05e4","level":"error","message":"Worker: job failed","timestamp":"2026-06-05T15:14:31.876Z"}
{"attempt":"2/3","jobId":"6a295258-ad78-4c4b-99cf-4598a2db05e4","level":"warn","message":"Worker: queued for retry","timestamp":"2026-06-05T15:14:31.885Z"}
{"level":"debug","message":"Cron: no due jobs found","timestamp":"2026-06-05T15:15:00.090Z"}
{"error":"This is for testing the retry functionality if its working properly..., remove this when its tested","level":"error","message":"[MOCK EMAIL] Failed to deliver message","timestamp":"2026-06-05T15:15:01.813Z","to":"@pk1212"}
{"error":"This is for testing the retry functionality if its working properly..., remove this when its tested","jobId":"6a295258-ad78-4c4b-99cf-4598a2db05e4","level":"error","message":"Worker: job failed","timestamp":"2026-06-05T15:15:01.816Z"}
{"attempt":"3/3","jobId":"6a295258-ad78-4c4b-99cf-4598a2db05e4","level":"warn","message":"Worker: queued for retry","timestamp":"2026-06-05T15:15:01.832Z"}
{"level":"debug","message":"Cron: no due jobs found","timestamp":"2026-06-05T15:15:30.079Z"}
{"error":"This is for testing the retry functionality if its working properly..., remove this when its tested","level":"error","message":"[MOCK EMAIL] Failed to deliver message","timestamp":"2026-06-05T15:15:31.634Z","to":"@pk1212"}
{"error":"This is for testing the retry functionality if its working properly..., remove this when its tested","jobId":"6a295258-ad78-4c4b-99cf-4598a2db05e4","level":"error","message":"Worker: job failed","timestamp":"2026-06-05T15:15:31.636Z"}
{"jobId":"6a295258-ad78-4c4b-99cf-4598a2db05e4","level":"error","message":"Worker: job permanently failed, sent to DLQ","timestamp":"2026-06-05T15:15:31.651Z"}
{"level":"debug","message":"Cron: no due jobs found","timestamp":"2026-06-05T15:16:00.076Z"}
{"level":"debug","message":"Cron: no due jobs found","timestamp":"2026-06-05T15:16:30.072Z"}
{"level":"debug","message":"Cron: no due jobs found","timestamp":"2026-06-05T15:17:00.081Z"}
{"level":"debug","message":"Cron: no due jobs found","timestamp":"2026-06-05T15:17:30.085Z"}
{"level":"debug","message":"Cron: no due jobs found","timestamp":"2026-06-05T15:18:00.067Z"}
{"level":"debug","message":"Cron: no due jobs found","timestamp":"2026-06-05T15:18:30.089Z"}
{"level":"debug","message":"Cron: no due jobs found","timestamp":"2026-06-05T15:19:00.082Z"}
{"level":"debug","message":"Cron: no due jobs found","timestamp":"2026-06-05T15:19:30.076Z"}
{"level":"debug","message":"Cron: no due jobs found","timestamp":"2026-06-05T15:20:00.073Z"}
{"level":"debug","message":"Cron: no due jobs found","timestamp":"2026-06-05T15:20:30.081Z"}
{"level":"debug","message":"Cron: no due jobs found","timestamp":"2026-06-05T15:21:00.089Z"}
{"level":"debug","message":"Cron: no due jobs found","timestamp":"2026-06-05T15:21:30.081Z"}
{"level":"debug","message":"Cron: no due jobs found","timestamp":"2026-06-05T15:22:00.067Z"}
{"level":"debug","message":"Cron: no due jobs found","timestamp":"2026-06-05T15:22:30.070Z"}
{"level":"debug","message":"Cron: no due jobs found","timestamp":"2026-06-05T15:23:00.086Z"}
{"level":"debug","message":"Cron: no due jobs found","timestamp":"2026-06-05T15:23:30.149Z"}
{"level":"debug","message":"Cron: no due jobs found","timestamp":"2026-06-05T15:24:00.061Z"}
{"level":"debug","message":"Cron: no due jobs found","timestamp":"2026-06-05T15:24:30.073Z"}
{"level":"debug","message":"Cron: no due jobs found","timestamp":"2026-06-05T15:25:00.107Z"}
{"level":"debug","message":"Cron: no due jobs found","timestamp":"2026-06-05T15:25:30.099Z"}
{"level":"debug","message":"Cron: no due jobs found","timestamp":"2026-06-05T15:26:00.104Z"}
{"level":"debug","message":"Cron: no due jobs found","timestamp":"2026-06-05T15:26:30.087Z"}
{"level":"info","message":"Cron: found 1 due job(s)","timestamp":"2026-06-05T15:27:00.091Z"}
{"error":"This is for testing the retry functionality if its working properly..., remove this when its tested","level":"error","message":"[MOCK EMAIL] Failed to deliver message","timestamp":"2026-06-05T15:27:00.165Z","to":"@pk1212"}
{"error":"This is for testing the retry functionality if its working properly..., remove this when its tested","jobId":"3a605d38-55ed-475e-bee1-0ce55f6b3999","level":"error","message":"Worker: job failed","timestamp":"2026-06-05T15:27:00.166Z"}
{"attempt":"1/3","jobId":"3a605d38-55ed-475e-bee1-0ce55f6b3999","level":"warn","message":"Worker: queued for retry","timestamp":"2026-06-05T15:27:00.176Z"}
{"error":"This is for testing the retry functionality if its working properly..., remove this when its tested","level":"error","message":"[MOCK EMAIL] Failed to deliver message","timestamp":"2026-06-05T15:27:29.775Z","to":"@pk1212"}
{"error":"This is for testing the retry functionality if its working properly..., remove this when its tested","jobId":"3a605d38-55ed-475e-bee1-0ce55f6b3999","level":"error","message":"Worker: job failed","timestamp":"2026-06-05T15:27:29.777Z"}
{"attempt":"2/3","jobId":"3a605d38-55ed-475e-bee1-0ce55f6b3999","level":"warn","message":"Worker: queued for retry","timestamp":"2026-06-05T15:27:29.790Z"}
{"level":"debug","message":"Cron: no due jobs found","timestamp":"2026-06-05T15:27:30.087Z"}
{"error":"This is for testing the retry functionality if its working properly..., remove this when its tested","level":"error","message":"[MOCK EMAIL] Failed to deliver message","timestamp":"2026-06-05T15:27:59.452Z","to":"@pk1212"}
{"error":"This is for testing the retry functionality if its working properly..., remove this when its tested","jobId":"3a605d38-55ed-475e-bee1-0ce55f6b3999","level":"error","message":"Worker: job failed","timestamp":"2026-06-05T15:27:59.453Z"}
{"attempt":"3/3","jobId":"3a605d38-55ed-475e-bee1-0ce55f6b3999","level":"warn","message":"Worker: queued for retry","timestamp":"2026-06-05T15:27:59.461Z"}
{"level":"debug","message":"Cron: no due jobs found","timestamp":"2026-06-05T15:28:00.060Z"}
{"error":"This is for testing the retry functionality if its working properly..., remove this when its tested","level":"error","message":"[MOCK EMAIL] Failed to deliver message","timestamp":"2026-06-05T15:28:29.564Z","to":"@pk1212"}
{"error":"This is for testing the retry functionality if its working properly..., remove this when its tested","jobId":"3a605d38-55ed-475e-bee1-0ce55f6b3999","level":"error","message":"Worker: job failed","timestamp":"2026-06-05T15:28:29.566Z"}
{"jobId":"3a605d38-55ed-475e-bee1-0ce55f6b3999","level":"error","message":"Worker: job permanently failed, sent to DLQ","timestamp":"2026-06-05T15:28:29.575Z"}
{"level":"debug","message":"Cron: no due jobs found","timestamp":"2026-06-05T15:28:30.063Z"}
{"level":"debug","message":"Cron: no due jobs found","timestamp":"2026-06-05T15:29:00.085Z"}
{"level":"debug","message":"Cron: no due jobs found","timestamp":"2026-06-05T15:29:30.072Z"}
{"level":"debug","message":"Cron: no due jobs found","timestamp":"2026-06-05T15:30:00.104Z"}
{"level":"debug","message":"Cron: no due jobs found","timestamp":"2026-06-05T15:30:30.084Z"}
{"level":"debug","message":"Cron: no due jobs found","timestamp":"2026-06-05T15:31:00.091Z"}
{"level":"debug","message":"Cron: no due jobs found","timestamp":"2026-06-05T15:31:30.078Z"}
{"level":"debug","message":"Cron: no due jobs found","timestamp":"2026-06-05T15:32:00.074Z"}
{"level":"debug","message":"Cron: no due jobs found","timestamp":"2026-06-05T15:32:30.077Z"}
{"level":"debug","message":"Cron: no due jobs found","timestamp":"2026-06-05T15:33:00.111Z"}
{"level":"debug","message":"Cron: no due jobs found","timestamp":"2026-06-05T15:33:30.080Z"}
{"level":"debug","message":"Cron: no due jobs found","timestamp":"2026-06-05T15:34:00.098Z"}
{"level":"debug","message":"Cron: no due jobs found","timestamp":"2026-06-05T15:34:30.073Z"}
{"level":"debug","message":"Cron: no due jobs found","timestamp":"2026-06-05T15:35:00.063Z"}
{"level":"debug","message":"Cron: no due jobs found","timestamp":"2026-06-05T15:35:30.069Z"}
{"level":"debug","message":"Cron: no due jobs found","timestamp":"2026-06-05T15:36:00.076Z"}
{"level":"debug","message":"Cron: no due jobs found","timestamp":"2026-06-05T15:36:30.080Z"}
{"level":"debug","message":"Cron: no due jobs found","timestamp":"2026-06-05T15:37:00.068Z"}
{"level":"debug","message":"Cron: no due jobs found","timestamp":"2026-06-05T15:37:30.071Z"}
{"level":"debug","message":"Cron: no due jobs found","timestamp":"2026-06-05T15:38:00.086Z"}
{"level":"info","message":"Worker: Started Monitoring Shits","timestamp":"2026-06-05T15:38:00.974Z"}
{"level":"info","message":"Worker metrics exposed on :9001/metrics","timestamp":"2026-06-05T15:38:00.987Z"}
{"level":"info","message":"Worker: database connected","timestamp":"2026-06-05T15:38:01.165Z"}
{"level":"info","message":"Redis [default] connected","timestamp":"2026-06-05T15:38:01.196Z"}
{"level":"info","message":"Redis [default] ready","timestamp":"2026-06-05T15:38:01.212Z"}
{"level":"info","message":"Worker: redis connected","timestamp":"2026-06-05T15:38:01.214Z"}
{"level":"info","message":"Connecting to RabbitMQ...","timestamp":"2026-06-05T15:38:01.215Z"}
{"level":"info","message":"RabbitMQ topology asserted","timestamp":"2026-06-05T15:38:01.350Z"}
{"level":"info","message":"RabbitMQ connected","timestamp":"2026-06-05T15:38:01.352Z"}
{"level":"info","message":"Worker: started, waiting for jobs...","timestamp":"2026-06-05T15:38:01.357Z"}
{"level":"info","message":"Worker: Started Monitoring Shits","timestamp":"2026-06-05T15:38:05.422Z"}
{"level":"info","message":"Worker metrics exposed on :9001/metrics","timestamp":"2026-06-05T15:38:05.430Z"}
{"level":"info","message":"Worker: database connected","timestamp":"2026-06-05T15:38:05.580Z"}
{"level":"info","message":"Redis [default] connected","timestamp":"2026-06-05T15:38:05.613Z"}
{"level":"info","message":"Redis [default] ready","timestamp":"2026-06-05T15:38:05.628Z"}
{"level":"info","message":"Worker: redis connected","timestamp":"2026-06-05T15:38:05.630Z"}
{"level":"info","message":"Connecting to RabbitMQ...","timestamp":"2026-06-05T15:38:05.631Z"}
{"level":"info","message":"RabbitMQ topology asserted","timestamp":"2026-06-05T15:38:05.763Z"}
{"level":"info","message":"RabbitMQ connected","timestamp":"2026-06-05T15:38:05.764Z"}
{"level":"info","message":"Worker: started, waiting for jobs...","timestamp":"2026-06-05T15:38:05.770Z"}
{"level":"info","message":"Worker: Started Monitoring Shits","timestamp":"2026-06-05T15:38:09.464Z"}
{"level":"info","message":"Worker metrics exposed on :9001/metrics","timestamp":"2026-06-05T15:38:09.479Z"}
{"level":"info","message":"Worker: database connected","timestamp":"2026-06-05T15:38:09.637Z"}
{"level":"info","message":"Redis [default] connected","timestamp":"2026-06-05T15:38:09.670Z"}
{"level":"info","message":"Redis [default] ready","timestamp":"2026-06-05T15:38:09.685Z"}
{"level":"info","message":"Worker: redis connected","timestamp":"2026-06-05T15:38:09.686Z"}
{"level":"info","message":"Connecting to RabbitMQ...","timestamp":"2026-06-05T15:38:09.688Z"}
{"level":"info","message":"RabbitMQ topology asserted","timestamp":"2026-06-05T15:38:09.818Z"}
{"level":"info","message":"RabbitMQ connected","timestamp":"2026-06-05T15:38:09.819Z"}
{"level":"info","message":"Worker: started, waiting for jobs...","timestamp":"2026-06-05T15:38:09.824Z"}
{"level":"info","message":"Worker: Started Monitoring Shits","timestamp":"2026-06-05T15:38:17.340Z"}
{"level":"info","message":"Worker metrics exposed on :9001/metrics","timestamp":"2026-06-05T15:38:17.349Z"}
{"level":"info","message":"Worker: database connected","timestamp":"2026-06-05T15:38:17.492Z"}
{"level":"info","message":"Redis [default] connected","timestamp":"2026-06-05T15:38:17.529Z"}
{"level":"info","message":"Redis [default] ready","timestamp":"2026-06-05T15:38:17.545Z"}
{"level":"info","message":"Worker: redis connected","timestamp":"2026-06-05T15:38:17.546Z"}
{"level":"info","message":"Connecting to RabbitMQ...","timestamp":"2026-06-05T15:38:17.548Z"}
{"level":"info","message":"RabbitMQ topology asserted","timestamp":"2026-06-05T15:38:17.694Z"}
{"level":"info","message":"RabbitMQ connected","timestamp":"2026-06-05T15:38:17.695Z"}
{"level":"info","message":"Worker: started, waiting for jobs...","timestamp":"2026-06-05T15:38:17.701Z"}
{"level":"info","message":"Worker: Started Monitoring Shits","timestamp":"2026-06-05T15:38:25.171Z"}
{"level":"info","message":"Worker metrics exposed on :9001/metrics","timestamp":"2026-06-05T15:38:25.180Z"}
{"level":"info","message":"Worker: database connected","timestamp":"2026-06-05T15:38:25.329Z"}
{"level":"info","message":"Redis [default] connected","timestamp":"2026-06-05T15:38:25.364Z"}
{"level":"info","message":"Redis [default] ready","timestamp":"2026-06-05T15:38:25.379Z"}
{"level":"info","message":"Worker: redis connected","timestamp":"2026-06-05T15:38:25.381Z"}
{"level":"info","message":"Connecting to RabbitMQ...","timestamp":"2026-06-05T15:38:25.382Z"}
{"level":"info","message":"RabbitMQ topology asserted","timestamp":"2026-06-05T15:38:25.516Z"}
{"level":"info","message":"RabbitMQ connected","timestamp":"2026-06-05T15:38:25.517Z"}
{"level":"info","message":"Worker: started, waiting for jobs...","timestamp":"2026-06-05T15:38:25.523Z"}
{"level":"debug","message":"Cron: no due jobs found","timestamp":"2026-06-05T15:38:30.078Z"}
{"level":"info","message":"Worker: Started Monitoring Shits","timestamp":"2026-06-05T15:38:33.258Z"}
{"level":"info","message":"Worker metrics exposed on :9001/metrics","timestamp":"2026-06-05T15:38:33.270Z"}
{"level":"info","message":"Worker: database connected","timestamp":"2026-06-05T15:38:33.450Z"}
{"level":"info","message":"Redis [default] connected","timestamp":"2026-06-05T15:38:33.487Z"}
{"level":"info","message":"Redis [default] ready","timestamp":"2026-06-05T15:38:33.504Z"}
{"level":"info","message":"Worker: redis connected","timestamp":"2026-06-05T15:38:33.505Z"}
{"level":"info","message":"Connecting to RabbitMQ...","timestamp":"2026-06-05T15:38:33.506Z"}
{"level":"info","message":"RabbitMQ topology asserted","timestamp":"2026-06-05T15:38:33.646Z"}
{"level":"info","message":"RabbitMQ connected","timestamp":"2026-06-05T15:38:33.647Z"}
{"level":"info","message":"Worker: started, waiting for jobs...","timestamp":"2026-06-05T15:38:33.652Z"}
{"level":"debug","message":"Cron: no due jobs found","timestamp":"2026-06-05T15:39:00.111Z"}
{"level":"info","message":"Worker: Started Monitoring Shits","timestamp":"2026-06-05T15:39:18.100Z"}
{"level":"info","message":"Worker metrics exposed on :9001/metrics","timestamp":"2026-06-05T15:39:18.109Z"}
{"level":"info","message":"Worker: database connected","timestamp":"2026-06-05T15:39:18.272Z"}
{"level":"info","message":"Redis [default] connected","timestamp":"2026-06-05T15:39:18.308Z"}
{"level":"info","message":"Redis [default] ready","timestamp":"2026-06-05T15:39:18.326Z"}
{"level":"info","message":"Worker: redis connected","timestamp":"2026-06-05T15:39:18.328Z"}
{"level":"info","message":"Connecting to RabbitMQ...","timestamp":"2026-06-05T15:39:18.330Z"}
{"level":"info","message":"RabbitMQ topology asserted","timestamp":"2026-06-05T15:39:18.461Z"}
{"level":"info","message":"RabbitMQ connected","timestamp":"2026-06-05T15:39:18.462Z"}
{"level":"info","message":"Worker: started, waiting for jobs...","timestamp":"2026-06-05T15:39:18.467Z"}
{"level":"debug","message":"Cron: no due jobs found","timestamp":"2026-06-05T15:39:30.088Z"}
{"level":"info","message":"Worker: Started Monitoring Shits","timestamp":"2026-06-05T15:39:33.222Z"}
{"level":"info","message":"Worker metrics exposed on :9001/metrics","timestamp":"2026-06-05T15:39:33.242Z"}
{"level":"info","message":"Worker: database connected","timestamp":"2026-06-05T15:39:33.391Z"}
{"level":"info","message":"Redis [default] connected","timestamp":"2026-06-05T15:39:33.428Z"}
{"level":"info","message":"Redis [default] ready","timestamp":"2026-06-05T15:39:33.444Z"}
{"level":"info","message":"Worker: redis connected","timestamp":"2026-06-05T15:39:33.446Z"}
{"level":"info","message":"Connecting to RabbitMQ...","timestamp":"2026-06-05T15:39:33.447Z"}
{"level":"info","message":"RabbitMQ topology asserted","timestamp":"2026-06-05T15:39:33.589Z"}
{"level":"info","message":"RabbitMQ connected","timestamp":"2026-06-05T15:39:33.590Z"}
{"level":"info","message":"Worker: started, waiting for jobs...","timestamp":"2026-06-05T15:39:33.595Z"}
{"level":"info","message":"Worker: Started Monitoring Shits","timestamp":"2026-06-05T15:39:36.824Z"}
{"level":"info","message":"Worker metrics exposed on :9001/metrics","timestamp":"2026-06-05T15:39:36.834Z"}
{"level":"info","message":"Worker: database connected","timestamp":"2026-06-05T15:39:37.000Z"}
{"level":"info","message":"Redis [default] connected","timestamp":"2026-06-05T15:39:37.030Z"}
{"level":"info","message":"Redis [default] ready","timestamp":"2026-06-05T15:39:37.047Z"}
{"level":"info","message":"Worker: redis connected","timestamp":"2026-06-05T15:39:37.048Z"}
{"level":"info","message":"Connecting to RabbitMQ...","timestamp":"2026-06-05T15:39:37.049Z"}
{"level":"info","message":"RabbitMQ topology asserted","timestamp":"2026-06-05T15:39:37.181Z"}
{"level":"info","message":"RabbitMQ connected","timestamp":"2026-06-05T15:39:37.182Z"}
{"level":"info","message":"Worker: started, waiting for jobs...","timestamp":"2026-06-05T15:39:37.187Z"}
{"level":"info","message":"Worker: Started Monitoring Shits","timestamp":"2026-06-05T15:39:39.315Z"}
{"level":"info","message":"Worker metrics exposed on :9001/metrics","timestamp":"2026-06-05T15:39:39.323Z"}
{"level":"info","message":"Worker: database connected","timestamp":"2026-06-05T15:39:39.522Z"}
{"level":"info","message":"Redis [default] connected","timestamp":"2026-06-05T15:39:39.560Z"}
{"level":"info","message":"Redis [default] ready","timestamp":"2026-06-05T15:39:39.575Z"}
{"level":"info","message":"Worker: redis connected","timestamp":"2026-06-05T15:39:39.580Z"}
{"level":"info","message":"Connecting to RabbitMQ...","timestamp":"2026-06-05T15:39:39.584Z"}
{"level":"info","message":"RabbitMQ topology asserted","timestamp":"2026-06-05T15:39:39.717Z"}
{"level":"info","message":"RabbitMQ connected","timestamp":"2026-06-05T15:39:39.718Z"}
{"level":"info","message":"Worker: started, waiting for jobs...","timestamp":"2026-06-05T15:39:39.723Z"}
{"level":"info","message":"Worker: Started Monitoring Shits","timestamp":"2026-06-05T15:39:43.094Z"}
{"level":"info","message":"Worker metrics exposed on :9001/metrics","timestamp":"2026-06-05T15:39:43.103Z"}
{"level":"info","message":"Worker: database connected","timestamp":"2026-06-05T15:39:43.247Z"}
{"level":"info","message":"Redis [default] connected","timestamp":"2026-06-05T15:39:43.278Z"}
{"level":"info","message":"Redis [default] ready","timestamp":"2026-06-05T15:39:43.293Z"}
{"level":"info","message":"Worker: redis connected","timestamp":"2026-06-05T15:39:43.295Z"}
{"level":"info","message":"Connecting to RabbitMQ...","timestamp":"2026-06-05T15:39:43.296Z"}
{"level":"info","message":"RabbitMQ topology asserted","timestamp":"2026-06-05T15:39:43.427Z"}
{"level":"info","message":"RabbitMQ connected","timestamp":"2026-06-05T15:39:43.428Z"}
{"level":"info","message":"Worker: started, waiting for jobs...","timestamp":"2026-06-05T15:39:43.433Z"}
{"level":"info","message":"Worker: Started Monitoring Shits","timestamp":"2026-06-05T15:39:47.406Z"}
{"level":"info","message":"Worker metrics exposed on :9001/metrics","timestamp":"2026-06-05T15:39:47.419Z"}
{"level":"info","message":"Worker: database connected","timestamp":"2026-06-05T15:39:47.567Z"}
{"level":"info","message":"Redis [default] connected","timestamp":"2026-06-05T15:39:47.595Z"}
{"level":"info","message":"Redis [default] ready","timestamp":"2026-06-05T15:39:47.610Z"}
{"level":"info","message":"Worker: redis connected","timestamp":"2026-06-05T15:39:47.611Z"}
{"level":"info","message":"Connecting to RabbitMQ...","timestamp":"2026-06-05T15:39:47.613Z"}
{"level":"info","message":"RabbitMQ topology asserted","timestamp":"2026-06-05T15:39:47.742Z"}
{"level":"info","message":"RabbitMQ connected","timestamp":"2026-06-05T15:39:47.744Z"}
{"level":"info","message":"Worker: started, waiting for jobs...","timestamp":"2026-06-05T15:39:47.748Z"}
{"level":"info","message":"Worker: Started Monitoring Shits","timestamp":"2026-06-05T15:39:56.165Z"}
{"level":"info","message":"Worker metrics exposed on :9001/metrics","timestamp":"2026-06-05T15:39:56.176Z"}
{"level":"info","message":"Worker: database connected","timestamp":"2026-06-05T15:39:56.350Z"}
{"level":"info","message":"Redis [default] connected","timestamp":"2026-06-05T15:39:56.407Z"}
{"level":"info","message":"Redis [default] ready","timestamp":"2026-06-05T15:39:56.426Z"}
{"level":"info","message":"Worker: redis connected","timestamp":"2026-06-05T15:39:56.428Z"}
{"level":"info","message":"Connecting to RabbitMQ...","timestamp":"2026-06-05T15:39:56.430Z"}
{"level":"info","message":"RabbitMQ topology asserted","timestamp":"2026-06-05T15:39:56.609Z"}
{"level":"info","message":"RabbitMQ connected","timestamp":"2026-06-05T15:39:56.610Z"}
{"level":"info","message":"Worker: started, waiting for jobs...","timestamp":"2026-06-05T15:39:56.616Z"}
{"level":"debug","message":"Cron: no due jobs found","timestamp":"2026-06-05T15:40:00.069Z"}
{"level":"debug","message":"Cron: no due jobs found","timestamp":"2026-06-05T15:40:30.080Z"}
{"level":"debug","message":"Cron: no due jobs found","timestamp":"2026-06-05T15:41:00.085Z"}
{"level":"debug","message":"Cron: no due jobs found","timestamp":"2026-06-05T15:41:30.090Z"}
{"level":"debug","message":"Cron: no due jobs found","timestamp":"2026-06-05T15:42:00.094Z"}
{"level":"debug","message":"Cron: no due jobs found","timestamp":"2026-06-05T15:42:30.074Z"}
{"level":"debug","message":"Cron: no due jobs found","timestamp":"2026-06-05T15:43:00.078Z"}
{"level":"debug","message":"Cron: no due jobs found","timestamp":"2026-06-05T15:43:30.097Z"}
{"level":"info","message":"Worker metrics exposed on :9001/metrics","timestamp":"2026-06-05T15:43:32.166Z"}
{"level":"info","message":"Worker: database connected","timestamp":"2026-06-05T15:43:32.335Z"}
{"level":"info","message":"Redis [default] connected","timestamp":"2026-06-05T15:43:32.374Z"}
{"level":"info","message":"Redis [default] ready","timestamp":"2026-06-05T15:43:32.391Z"}
{"level":"info","message":"Worker: redis connected","timestamp":"2026-06-05T15:43:32.393Z"}
{"level":"info","message":"Connecting to RabbitMQ...","timestamp":"2026-06-05T15:43:32.394Z"}
{"level":"info","message":"RabbitMQ topology asserted","timestamp":"2026-06-05T15:43:32.532Z"}
{"level":"info","message":"RabbitMQ connected","timestamp":"2026-06-05T15:43:32.533Z"}
{"level":"info","message":"Worker: started, waiting for jobs...","timestamp":"2026-06-05T15:43:32.537Z"}
{"level":"info","message":"Worker metrics exposed on :9001/metrics","timestamp":"2026-06-05T15:43:40.529Z"}
{"level":"info","message":"Worker: database connected","timestamp":"2026-06-05T15:43:40.682Z"}
{"level":"info","message":"Redis [default] connected","timestamp":"2026-06-05T15:43:40.714Z"}
{"level":"info","message":"Redis [default] ready","timestamp":"2026-06-05T15:43:40.729Z"}
{"level":"info","message":"Worker: redis connected","timestamp":"2026-06-05T15:43:40.731Z"}
{"level":"info","message":"Connecting to RabbitMQ...","timestamp":"2026-06-05T15:43:40.732Z"}
{"level":"info","message":"RabbitMQ topology asserted","timestamp":"2026-06-05T15:43:40.866Z"}
{"level":"info","message":"RabbitMQ connected","timestamp":"2026-06-05T15:43:40.868Z"}
{"level":"info","message":"Worker: started, waiting for jobs...","timestamp":"2026-06-05T15:43:40.872Z"}
{"level":"info","message":"Worker: Started Monitoring","timestamp":"2026-06-05T15:43:46.821Z"}
{"level":"info","message":"Worker metrics exposed on :9001/metrics","timestamp":"2026-06-05T15:43:46.830Z"}
{"level":"info","message":"Worker: database connected","timestamp":"2026-06-05T15:43:46.972Z"}
{"level":"info","message":"Redis [default] connected","timestamp":"2026-06-05T15:43:47.006Z"}
{"level":"info","message":"Redis [default] ready","timestamp":"2026-06-05T15:43:47.022Z"}
{"level":"info","message":"Worker: redis connected","timestamp":"2026-06-05T15:43:47.024Z"}
{"level":"info","message":"Connecting to RabbitMQ...","timestamp":"2026-06-05T15:43:47.026Z"}
{"level":"info","message":"RabbitMQ topology asserted","timestamp":"2026-06-05T15:43:47.154Z"}
{"level":"info","message":"RabbitMQ connected","timestamp":"2026-06-05T15:43:47.155Z"}
{"level":"info","message":"Worker: started, waiting for jobs...","timestamp":"2026-06-05T15:43:47.159Z"}
{"level":"debug","message":"Cron: no due jobs found","timestamp":"2026-06-05T15:44:00.112Z"}
{"level":"debug","message":"Cron: no due jobs found","timestamp":"2026-06-05T15:44:30.082Z"}
{"level":"info","message":"Worker: Started Monitoring","timestamp":"2026-06-05T15:44:46.935Z"}
{"level":"info","message":"Worker metrics exposed on :9001/metrics","timestamp":"2026-06-05T15:44:46.944Z"}
{"level":"info","message":"Worker: database connected","timestamp":"2026-06-05T15:44:47.083Z"}
{"level":"info","message":"Redis [default] connected","timestamp":"2026-06-05T15:44:47.127Z"}
{"level":"info","message":"Redis [default] ready","timestamp":"2026-06-05T15:44:47.148Z"}
{"level":"info","message":"Worker: redis connected","timestamp":"2026-06-05T15:44:47.150Z"}
{"level":"info","message":"Connecting to RabbitMQ...","timestamp":"2026-06-05T15:44:47.152Z"}
{"level":"info","message":"RabbitMQ topology asserted","timestamp":"2026-06-05T15:44:47.295Z"}
{"level":"info","message":"RabbitMQ connected","timestamp":"2026-06-05T15:44:47.296Z"}
{"level":"info","message":"Worker: started, waiting for jobs...","timestamp":"2026-06-05T15:44:47.301Z"}
{"level":"info","message":"Worker: Started Monitoring","timestamp":"2026-06-05T15:44:50.317Z"}
{"level":"info","message":"Worker metrics exposed on :9001/metrics","timestamp":"2026-06-05T15:44:50.327Z"}
{"level":"info","message":"Worker: database connected","timestamp":"2026-06-05T15:44:50.514Z"}
{"level":"info","message":"Redis [default] connected","timestamp":"2026-06-05T15:44:50.565Z"}
{"level":"info","message":"Redis [default] ready","timestamp":"2026-06-05T15:44:50.588Z"}
{"level":"info","message":"Worker: redis connected","timestamp":"2026-06-05T15:44:50.590Z"}
{"level":"info","message":"Connecting to RabbitMQ...","timestamp":"2026-06-05T15:44:50.592Z"}
{"level":"info","message":"RabbitMQ topology asserted","timestamp":"2026-06-05T15:44:50.748Z"}
{"level":"info","message":"RabbitMQ connected","timestamp":"2026-06-05T15:44:50.749Z"}
{"level":"info","message":"Worker: started, waiting for jobs...","timestamp":"2026-06-05T15:44:50.754Z"}
{"level":"debug","message":"Cron: no due jobs found","timestamp":"2026-06-05T15:45:00.113Z"}
{"level":"info","message":"Worker: shutdown signal received","timestamp":"2026-06-05T15:45:16.625Z"}
{"level":"info","message":"Worker: Started Monitoring","timestamp":"2026-06-05T15:45:24.303Z"}
{"level":"info","message":"Worker metrics exposed on :9001/metrics","timestamp":"2026-06-05T15:45:24.315Z"}
{"level":"info","message":"Worker: database connected","timestamp":"2026-06-05T15:45:24.476Z"}
{"level":"info","message":"Redis [default] connected","timestamp":"2026-06-05T15:45:24.514Z"}
{"level":"info","message":"Redis [default] ready","timestamp":"2026-06-05T15:45:24.530Z"}
{"level":"info","message":"Worker: redis connected","timestamp":"2026-06-05T15:45:24.531Z"}
{"level":"info","message":"Connecting to RabbitMQ...","timestamp":"2026-06-05T15:45:24.532Z"}
{"level":"info","message":"RabbitMQ topology asserted","timestamp":"2026-06-05T15:45:24.672Z"}
{"level":"info","message":"RabbitMQ connected","timestamp":"2026-06-05T15:45:24.673Z"}
{"level":"info","message":"Worker: started, waiting for jobs...","timestamp":"2026-06-05T15:45:24.678Z"}
{"level":"debug","message":"Cron: no due jobs found","timestamp":"2026-06-05T15:45:30.085Z"}
{"level":"info","message":"Cron: found 1 due job(s)","timestamp":"2026-06-05T15:46:00.070Z"}
{"error":"This is for testing the retry functionality if its working properly..., remove this when its tested","level":"error","message":"[MOCK EMAIL] Failed to deliver message","timestamp":"2026-06-05T15:46:00.321Z","to":"@pk1212"}
{"error":"This is for testing the retry functionality if its working properly..., remove this when its tested","jobId":"47d29239-4194-4470-84bc-c407ef7a2e3c","level":"error","message":"Worker: job failed","timestamp":"2026-06-05T15:46:00.323Z"}
{"attempt":"1/3","jobId":"47d29239-4194-4470-84bc-c407ef7a2e3c","level":"warn","message":"Worker: queued for retry","timestamp":"2026-06-05T15:46:00.344Z"}
{"level":"debug","message":"Cron: no due jobs found","timestamp":"2026-06-05T15:46:30.072Z"}
{"error":"This is for testing the retry functionality if its working properly..., remove this when its tested","level":"error","message":"[MOCK EMAIL] Failed to deliver message","timestamp":"2026-06-05T15:46:31.968Z","to":"@pk1212"}
{"error":"This is for testing the retry functionality if its working properly..., remove this when its tested","jobId":"47d29239-4194-4470-84bc-c407ef7a2e3c","level":"error","message":"Worker: job failed","timestamp":"2026-06-05T15:46:31.970Z"}
{"attempt":"2/3","jobId":"47d29239-4194-4470-84bc-c407ef7a2e3c","level":"warn","message":"Worker: queued for retry","timestamp":"2026-06-05T15:46:31.979Z"}
{"level":"debug","message":"Cron: no due jobs found","timestamp":"2026-06-05T15:47:00.085Z"}
{"error":"This is for testing the retry functionality if its working properly..., remove this when its tested","level":"error","message":"[MOCK EMAIL] Failed to deliver message","timestamp":"2026-06-05T15:47:01.770Z","to":"@pk1212"}
{"error":"This is for testing the retry functionality if its working properly..., remove this when its tested","jobId":"47d29239-4194-4470-84bc-c407ef7a2e3c","level":"error","message":"Worker: job failed","timestamp":"2026-06-05T15:47:01.772Z"}
{"attempt":"3/3","jobId":"47d29239-4194-4470-84bc-c407ef7a2e3c","level":"warn","message":"Worker: queued for retry","timestamp":"2026-06-05T15:47:01.785Z"}
{"level":"debug","message":"Cron: no due jobs found","timestamp":"2026-06-05T15:47:30.066Z"}
{"error":"This is for testing the retry functionality if its working properly..., remove this when its tested","level":"error","message":"[MOCK EMAIL] Failed to deliver message","timestamp":"2026-06-05T15:47:32.973Z","to":"@pk1212"}
{"error":"This is for testing the retry functionality if its working properly..., remove this when its tested","jobId":"47d29239-4194-4470-84bc-c407ef7a2e3c","level":"error","message":"Worker: job failed","timestamp":"2026-06-05T15:47:32.977Z"}
{"jobId":"47d29239-4194-4470-84bc-c407ef7a2e3c","level":"error","message":"Worker: job permanently failed, sent to DLQ","timestamp":"2026-06-05T15:47:33.007Z"}
{"level":"debug","message":"Cron: no due jobs found","timestamp":"2026-06-05T15:48:00.078Z"}
{"level":"debug","message":"Cron: no due jobs found","timestamp":"2026-06-05T15:48:30.082Z"}
{"level":"debug","message":"Cron: no due jobs found","timestamp":"2026-06-05T15:49:00.086Z"}
{"level":"debug","message":"Cron: no due jobs found","timestamp":"2026-06-05T15:49:30.084Z"}
{"level":"debug","message":"Cron: no due jobs found","timestamp":"2026-06-05T15:50:00.104Z"}
{"level":"debug","message":"Cron: no due jobs found","timestamp":"2026-06-05T15:50:30.082Z"}
{"level":"debug","message":"Cron: no due jobs found","timestamp":"2026-06-05T15:51:00.079Z"}
{"level":"debug","message":"Cron: no due jobs found","timestamp":"2026-06-05T15:51:30.111Z"}
{"level":"debug","message":"Cron: no due jobs found","timestamp":"2026-06-05T15:52:00.102Z"}
{"level":"debug","message":"Cron: no due jobs found","timestamp":"2026-06-05T15:52:30.069Z"}
{"level":"debug","message":"Cron: no due jobs found","timestamp":"2026-06-05T15:53:00.083Z"}
{"level":"debug","message":"Cron: no due jobs found","timestamp":"2026-06-05T15:53:30.087Z"}
{"level":"debug","message":"Cron: no due jobs found","timestamp":"2026-06-05T15:54:00.099Z"}
{"level":"debug","message":"Cron: no due jobs found","timestamp":"2026-06-05T15:54:30.074Z"}
{"level":"info","message":"Worker: Started Monitoring","timestamp":"2026-06-05T15:54:32.041Z"}
{"level":"info","message":"Worker metrics exposed on :9001/metrics","timestamp":"2026-06-05T15:54:32.051Z"}
{"level":"info","message":"Worker: database connected","timestamp":"2026-06-05T15:54:32.197Z"}
{"level":"info","message":"Redis [default] connected","timestamp":"2026-06-05T15:54:32.234Z"}
{"level":"info","message":"Redis [default] ready","timestamp":"2026-06-05T15:54:32.250Z"}
{"level":"info","message":"Worker: redis connected","timestamp":"2026-06-05T15:54:32.252Z"}
{"level":"info","message":"Connecting to RabbitMQ...","timestamp":"2026-06-05T15:54:32.253Z"}
{"level":"info","message":"RabbitMQ topology asserted","timestamp":"2026-06-05T15:54:32.395Z"}
{"level":"info","message":"RabbitMQ connected","timestamp":"2026-06-05T15:54:32.396Z"}
{"level":"info","message":"Worker: started, waiting for jobs...","timestamp":"2026-06-05T15:54:32.401Z"}
{"level":"info","message":"Worker: Started Monitoring","timestamp":"2026-06-05T15:54:34.801Z"}
{"level":"info","message":"Worker metrics exposed on :9001/metrics","timestamp":"2026-06-05T15:54:34.812Z"}
{"level":"info","message":"Worker: database connected","timestamp":"2026-06-05T15:54:34.966Z"}
{"level":"info","message":"Redis [default] connected","timestamp":"2026-06-05T15:54:35.012Z"}
{"level":"info","message":"Redis [default] ready","timestamp":"2026-06-05T15:54:35.028Z"}
{"level":"info","message":"Worker: redis connected","timestamp":"2026-06-05T15:54:35.030Z"}
{"level":"info","message":"Connecting to RabbitMQ...","timestamp":"2026-06-05T15:54:35.031Z"}
{"level":"info","message":"RabbitMQ topology asserted","timestamp":"2026-06-05T15:54:35.166Z"}
{"level":"info","message":"RabbitMQ connected","timestamp":"2026-06-05T15:54:35.167Z"}
{"level":"info","message":"Worker: started, waiting for jobs...","timestamp":"2026-06-05T15:54:35.172Z"}
{"level":"info","message":"Worker: Started Monitoring","timestamp":"2026-06-05T15:54:40.584Z"}
{"level":"info","message":"Worker metrics exposed on :9001/metrics","timestamp":"2026-06-05T15:54:40.593Z"}
{"level":"info","message":"Worker: database connected","timestamp":"2026-06-05T15:54:40.774Z"}
{"level":"info","message":"Redis [default] connected","timestamp":"2026-06-05T15:54:40.831Z"}
{"level":"info","message":"Redis [default] ready","timestamp":"2026-06-05T15:54:40.850Z"}
{"level":"info","message":"Worker: redis connected","timestamp":"2026-06-05T15:54:40.853Z"}
{"level":"info","message":"Connecting to RabbitMQ...","timestamp":"2026-06-05T15:54:40.856Z"}
{"level":"info","message":"RabbitMQ topology asserted","timestamp":"2026-06-05T15:54:41.010Z"}
{"level":"info","message":"RabbitMQ connected","timestamp":"2026-06-05T15:54:41.012Z"}
{"level":"info","message":"Worker: started, waiting for jobs...","timestamp":"2026-06-05T15:54:41.016Z"}
{"level":"info","message":"Cron: found 1 due job(s)","timestamp":"2026-06-05T15:55:00.086Z"}
{"jobId":"372f7b99-b776-40b9-bcce-a967de5adc20","level":"info","message":"Worker: job sent successfully","timestamp":"2026-06-05T15:55:00.411Z"}
{"level":"debug","message":"Cron: no due jobs found","timestamp":"2026-06-05T15:55:30.118Z"}
{"level":"debug","message":"Cron: no due jobs found","timestamp":"2026-06-05T15:56:00.062Z"}
{"level":"debug","message":"Cron: no due jobs found","timestamp":"2026-06-05T15:56:30.076Z"}
{"level":"debug","message":"Cron: no due jobs found","timestamp":"2026-06-05T15:57:00.101Z"}
{"level":"debug","message":"Cron: no due jobs found","timestamp":"2026-06-05T15:57:30.091Z"}
{"level":"debug","message":"Cron: no due jobs found","timestamp":"2026-06-05T15:58:00.080Z"}
{"level":"debug","message":"Cron: no due jobs found","timestamp":"2026-06-05T15:58:30.069Z"}
{"level":"debug","message":"Cron: no due jobs found","timestamp":"2026-06-05T15:59:00.083Z"}
{"level":"debug","message":"Cron: no due jobs found","timestamp":"2026-06-05T15:59:30.078Z"}
{"level":"debug","message":"Cron: no due jobs found","timestamp":"2026-06-05T16:00:00.064Z"}
{"level":"debug","message":"Cron: no due jobs found","timestamp":"2026-06-05T16:00:30.150Z"}
{"level":"debug","message":"Cron: no due jobs found","timestamp":"2026-06-05T16:01:00.074Z"}
{"level":"debug","message":"Cron: no due jobs found","timestamp":"2026-06-05T16:01:30.087Z"}
{"level":"debug","message":"Cron: no due jobs found","timestamp":"2026-06-05T16:02:00.089Z"}
{"level":"debug","message":"Cron: no due jobs found","timestamp":"2026-06-05T16:02:30.077Z"}
{"level":"debug","message":"Cron: no due jobs found","timestamp":"2026-06-05T16:03:00.080Z"}
{"level":"debug","message":"Cron: no due jobs found","timestamp":"2026-06-05T16:03:30.075Z"}
{"level":"debug","message":"Cron: no due jobs found","timestamp":"2026-06-05T16:04:00.068Z"}
{"level":"debug","message":"Cron: no due jobs found","timestamp":"2026-06-05T16:04:30.075Z"}
{"level":"debug","message":"Cron: no due jobs found","timestamp":"2026-06-05T16:05:00.084Z"}
{"level":"debug","message":"Cron: no due jobs found","timestamp":"2026-06-05T16:05:30.080Z"}
{"level":"debug","message":"Cron: no due jobs found","timestamp":"2026-06-05T16:06:00.087Z"}
{"level":"debug","message":"Cron: no due jobs found","timestamp":"2026-06-05T16:06:30.083Z"}
{"level":"debug","message":"Cron: no due jobs found","timestamp":"2026-06-05T16:07:00.089Z"}
{"level":"debug","message":"Cron: no due jobs found","timestamp":"2026-06-05T16:07:30.072Z"}
{"level":"debug","message":"Cron: no due jobs found","timestamp":"2026-06-05T16:08:00.107Z"}
{"level":"debug","message":"Cron: no due jobs found","timestamp":"2026-06-05T16:08:30.076Z"}
{"level":"debug","message":"Cron: no due jobs found","timestamp":"2026-06-05T16:09:00.089Z"}
{"level":"debug","message":"Cron: no due jobs found","timestamp":"2026-06-05T16:09:30.081Z"}
{"level":"debug","message":"Cron: no due jobs found","timestamp":"2026-06-05T16:10:00.094Z"}
{"level":"debug","message":"Cron: no due jobs found","timestamp":"2026-06-05T16:10:30.079Z"}
{"level":"debug","message":"Cron: no due jobs found","timestamp":"2026-06-05T16:11:00.085Z"}
{"level":"debug","message":"Cron: no due jobs found","timestamp":"2026-06-05T16:11:30.087Z"}
{"level":"debug","message":"Cron: no due jobs found","timestamp":"2026-06-05T16:12:00.086Z"}
{"level":"warn","message":"Redis [default] retrying in 100ms (attempt 1)","timestamp":"2026-06-05T16:12:21.302Z"}
{"level":"warn","message":"Redis [default] connection closed","timestamp":"2026-06-05T16:12:21.305Z"}
{"level":"warn","message":"Redis [default] reconnecting...","timestamp":"2026-06-05T16:12:21.307Z"}
{"level":"warn","message":"Redis [default] retrying in 100ms (attempt 1)","timestamp":"2026-06-05T16:12:21.307Z"}
{"level":"warn","message":"Redis [default] connection closed","timestamp":"2026-06-05T16:12:21.317Z"}
{"level":"warn","message":"Redis [default] reconnecting...","timestamp":"2026-06-05T16:12:21.321Z"}
{"level":"info","message":"Redis [default] connected","timestamp":"2026-06-05T16:12:21.413Z"}
{"level":"warn","message":"Redis [default] retrying in 200ms (attempt 2)","timestamp":"2026-06-05T16:12:21.424Z"}
{"level":"warn","message":"Redis [default] connection closed","timestamp":"2026-06-05T16:12:21.425Z"}
{"level":"warn","message":"Redis [default] reconnecting...","timestamp":"2026-06-05T16:12:21.427Z"}
{"level":"info","message":"Redis [default] connected","timestamp":"2026-06-05T16:12:21.436Z"}
{"level":"warn","message":"Redis [default] retrying in 200ms (attempt 2)","timestamp":"2026-06-05T16:12:21.448Z"}
{"level":"warn","message":"Redis [default] connection closed","timestamp":"2026-06-05T16:12:21.451Z"}
{"level":"warn","message":"Redis [default] reconnecting...","timestamp":"2026-06-05T16:12:21.454Z"}
{"level":"warn","message":"RabbitMQ connection closed, reconnecting...","timestamp":"2026-06-05T16:12:21.468Z"}
{"level":"info","message":"RabbitMQ reconnecting (attempt 1/10)...","timestamp":"2026-06-05T16:12:21.470Z"}
{"level":"warn","message":"RabbitMQ connection closed, reconnecting...","timestamp":"2026-06-05T16:12:21.475Z"}
{"level":"info","message":"RabbitMQ reconnecting (attempt 1/10)...","timestamp":"2026-06-05T16:12:21.477Z"}
{"level":"info","message":"Redis [default] connected","timestamp":"2026-06-05T16:12:21.638Z"}
{"level":"warn","message":"Redis [default] retrying in 300ms (attempt 3)","timestamp":"2026-06-05T16:12:21.649Z"}
{"level":"warn","message":"Redis [default] connection closed","timestamp":"2026-06-05T16:12:21.650Z"}
{"level":"warn","message":"Redis [default] reconnecting...","timestamp":"2026-06-05T16:12:21.651Z"}
{"level":"info","message":"Redis [default] connected","timestamp":"2026-06-05T16:12:21.668Z"}
{"level":"warn","message":"Redis [default] retrying in 300ms (attempt 3)","timestamp":"2026-06-05T16:12:21.675Z"}
{"level":"warn","message":"Redis [default] connection closed","timestamp":"2026-06-05T16:12:21.676Z"}
{"level":"warn","message":"Redis [default] reconnecting...","timestamp":"2026-06-05T16:12:21.678Z"}
{"level":"info","message":"Redis [default] connected","timestamp":"2026-06-05T16:12:21.962Z"}
{"level":"warn","message":"Redis [default] retrying in 400ms (attempt 4)","timestamp":"2026-06-05T16:12:21.967Z"}
{"level":"warn","message":"Redis [default] connection closed","timestamp":"2026-06-05T16:12:21.970Z"}
{"level":"warn","message":"Redis [default] reconnecting...","timestamp":"2026-06-05T16:12:21.973Z"}
{"level":"info","message":"Redis [default] connected","timestamp":"2026-06-05T16:12:22.005Z"}
{"level":"warn","message":"Redis [default] retrying in 400ms (attempt 4)","timestamp":"2026-06-05T16:12:22.020Z"}
{"level":"warn","message":"Redis [default] connection closed","timestamp":"2026-06-05T16:12:22.023Z"}
{"level":"warn","message":"Redis [default] reconnecting...","timestamp":"2026-06-05T16:12:22.024Z"}
{"level":"info","message":"Redis [default] connected","timestamp":"2026-06-05T16:12:22.377Z"}
{"level":"warn","message":"Redis [default] retrying in 500ms (attempt 5)","timestamp":"2026-06-05T16:12:22.384Z"}
{"level":"warn","message":"Redis [default] connection closed","timestamp":"2026-06-05T16:12:22.385Z"}
{"level":"warn","message":"Redis [default] reconnecting...","timestamp":"2026-06-05T16:12:22.387Z"}
{"level":"info","message":"Redis [default] connected","timestamp":"2026-06-05T16:12:22.438Z"}
{"level":"warn","message":"Redis [default] retrying in 500ms (attempt 5)","timestamp":"2026-06-05T16:12:22.464Z"}
{"level":"warn","message":"Redis [default] connection closed","timestamp":"2026-06-05T16:12:22.465Z"}
{"level":"warn","message":"Redis [default] reconnecting...","timestamp":"2026-06-05T16:12:22.466Z"}
{"level":"info","message":"Redis [default] connected","timestamp":"2026-06-05T16:12:22.901Z"}
{"level":"warn","message":"Redis [default] retrying in 600ms (attempt 6)","timestamp":"2026-06-05T16:12:22.906Z"}
{"level":"warn","message":"Redis [default] connection closed","timestamp":"2026-06-05T16:12:22.907Z"}
{"level":"warn","message":"Redis [default] reconnecting...","timestamp":"2026-06-05T16:12:22.911Z"}
{"level":"info","message":"Redis [default] connected","timestamp":"2026-06-05T16:12:22.977Z"}
{"level":"warn","message":"Redis [default] retrying in 600ms (attempt 6)","timestamp":"2026-06-05T16:12:22.983Z"}
{"level":"warn","message":"Redis [default] connection closed","timestamp":"2026-06-05T16:12:22.985Z"}
{"level":"warn","message":"Redis [default] reconnecting...","timestamp":"2026-06-05T16:12:22.986Z"}
{"error":"","level":"error","message":"Redis [default] error","timestamp":"2026-06-05T16:12:23.522Z"}
{"level":"warn","message":"Redis [default] retrying in 700ms (attempt 7)","timestamp":"2026-06-05T16:12:23.523Z"}
{"level":"warn","message":"Redis [default] connection closed","timestamp":"2026-06-05T16:12:23.524Z"}
{"level":"warn","message":"Redis [default] reconnecting...","timestamp":"2026-06-05T16:12:23.525Z"}
{"error":"","level":"error","message":"Redis [default] error","timestamp":"2026-06-05T16:12:23.595Z"}
{"level":"warn","message":"Redis [default] retrying in 700ms (attempt 7)","timestamp":"2026-06-05T16:12:23.597Z"}
{"level":"warn","message":"Redis [default] connection closed","timestamp":"2026-06-05T16:12:23.598Z"}
{"level":"warn","message":"Redis [default] reconnecting...","timestamp":"2026-06-05T16:12:23.598Z"}
{"error":"","level":"error","message":"Redis [default] error","timestamp":"2026-06-05T16:12:24.230Z"}
{"level":"warn","message":"Redis [default] retrying in 800ms (attempt 8)","timestamp":"2026-06-05T16:12:24.231Z"}
{"level":"warn","message":"Redis [default] connection closed","timestamp":"2026-06-05T16:12:24.232Z"}
{"level":"warn","message":"Redis [default] reconnecting...","timestamp":"2026-06-05T16:12:24.233Z"}
{"error":"","level":"error","message":"Redis [default] error","timestamp":"2026-06-05T16:12:24.308Z"}
{"level":"warn","message":"Redis [default] retrying in 800ms (attempt 8)","timestamp":"2026-06-05T16:12:24.309Z"}
{"level":"warn","message":"Redis [default] connection closed","timestamp":"2026-06-05T16:12:24.310Z"}
{"level":"warn","message":"Redis [default] reconnecting...","timestamp":"2026-06-05T16:12:24.310Z"}
{"level":"info","message":"RabbitMQ reconnecting (attempt 2/10)...","timestamp":"2026-06-05T16:12:24.479Z"}
{"level":"info","message":"RabbitMQ reconnecting (attempt 2/10)...","timestamp":"2026-06-05T16:12:24.492Z"}
{"error":"","level":"error","message":"Redis [default] error","timestamp":"2026-06-05T16:12:25.049Z"}
{"level":"warn","message":"Redis [default] retrying in 900ms (attempt 9)","timestamp":"2026-06-05T16:12:25.053Z"}
{"level":"warn","message":"Redis [default] connection closed","timestamp":"2026-06-05T16:12:25.054Z"}
{"level":"warn","message":"Redis [default] reconnecting...","timestamp":"2026-06-05T16:12:25.055Z"}
{"error":"","level":"error","message":"Redis [default] error","timestamp":"2026-06-05T16:12:25.121Z"}
{"level":"warn","message":"Redis [default] retrying in 900ms (attempt 9)","timestamp":"2026-06-05T16:12:25.123Z"}
{"level":"warn","message":"Redis [default] connection closed","timestamp":"2026-06-05T16:12:25.124Z"}
{"level":"warn","message":"Redis [default] reconnecting...","timestamp":"2026-06-05T16:12:25.125Z"}
{"error":"","level":"error","message":"Redis [default] error","timestamp":"2026-06-05T16:12:25.958Z"}
{"level":"warn","message":"Redis [default] retrying in 1000ms (attempt 10)","timestamp":"2026-06-05T16:12:25.959Z"}
{"level":"warn","message":"Redis [default] connection closed","timestamp":"2026-06-05T16:12:25.960Z"}
{"level":"warn","message":"Redis [default] reconnecting...","timestamp":"2026-06-05T16:12:25.962Z"}
{"error":"","level":"error","message":"Redis [default] error","timestamp":"2026-06-05T16:12:26.034Z"}
{"level":"warn","message":"Redis [default] retrying in 1000ms (attempt 10)","timestamp":"2026-06-05T16:12:26.036Z"}
{"level":"warn","message":"Redis [default] connection closed","timestamp":"2026-06-05T16:12:26.036Z"}
{"level":"warn","message":"Redis [default] reconnecting...","timestamp":"2026-06-05T16:12:26.037Z"}
{"error":"","level":"error","message":"Redis [default] error","timestamp":"2026-06-05T16:12:26.970Z"}
{"level":"error","message":"Redis [default] max retries reached","timestamp":"2026-06-05T16:12:26.971Z"}
{"level":"warn","message":"Redis [default] connection closed","timestamp":"2026-06-05T16:12:26.972Z"}
{"error":"","level":"error","message":"Redis [default] error","timestamp":"2026-06-05T16:12:27.047Z"}
{"level":"error","message":"Redis [default] max retries reached","timestamp":"2026-06-05T16:12:27.048Z"}
{"level":"warn","message":"Redis [default] connection closed","timestamp":"2026-06-05T16:12:27.049Z"}
{"level":"info","message":"RabbitMQ reconnecting (attempt 3/10)...","timestamp":"2026-06-05T16:12:27.485Z"}
{"level":"info","message":"RabbitMQ reconnecting (attempt 3/10)...","timestamp":"2026-06-05T16:12:27.501Z"}
{"level":"info","message":"RabbitMQ reconnecting (attempt 4/10)...","timestamp":"2026-06-05T16:12:30.505Z"}
{"level":"info","message":"RabbitMQ reconnecting (attempt 4/10)...","timestamp":"2026-06-05T16:12:30.521Z"}
{"level":"info","message":"RabbitMQ reconnecting (attempt 5/10)...","timestamp":"2026-06-05T16:12:33.533Z"}
{"level":"info","message":"RabbitMQ reconnecting (attempt 5/10)...","timestamp":"2026-06-05T16:12:33.548Z"}
{"level":"info","message":"RabbitMQ reconnecting (attempt 6/10)...","timestamp":"2026-06-05T16:12:36.554Z"}
{"level":"info","message":"RabbitMQ reconnecting (attempt 6/10)...","timestamp":"2026-06-05T16:12:36.564Z"}
{"level":"info","message":"RabbitMQ reconnecting (attempt 7/10)...","timestamp":"2026-06-05T16:12:39.571Z"}
{"level":"info","message":"RabbitMQ reconnecting (attempt 7/10)...","timestamp":"2026-06-05T16:12:39.596Z"}
{"level":"info","message":"RabbitMQ reconnecting (attempt 8/10)...","timestamp":"2026-06-05T16:12:42.582Z"}
{"level":"info","message":"RabbitMQ reconnecting (attempt 8/10)...","timestamp":"2026-06-05T16:12:42.617Z"}
{"level":"info","message":"RabbitMQ reconnecting (attempt 9/10)...","timestamp":"2026-06-05T16:12:45.604Z"}
{"level":"info","message":"RabbitMQ reconnecting (attempt 9/10)...","timestamp":"2026-06-05T16:12:45.638Z"}
{"level":"info","message":"RabbitMQ reconnecting (attempt 10/10)...","timestamp":"2026-06-05T16:12:48.618Z"}
{"level":"info","message":"RabbitMQ reconnecting (attempt 10/10)...","timestamp":"2026-06-05T16:12:48.664Z"}
{"level":"error","message":"RabbitMQ max reconnect attempts reached, shutting down","timestamp":"2026-06-05T16:12:51.645Z"}
{"level":"error","message":"RabbitMQ max reconnect attempts reached, shutting down","timestamp":"2026-06-05T16:12:51.689Z"}
{"level":"info","message":"Worker: Started Monitoring","timestamp":"2026-06-06T09:55:36.754Z"}
{"level":"info","message":"Worker metrics exposed on :9001/metrics","timestamp":"2026-06-06T09:55:36.759Z"}
{"level":"info","message":"Worker: database connected","timestamp":"2026-06-06T09:55:37.021Z"}
{"level":"info","message":"Redis [default] connected","timestamp":"2026-06-06T09:55:37.057Z"}
{"level":"info","message":"Redis [default] ready","timestamp":"2026-06-06T09:55:37.070Z"}
{"level":"info","message":"Worker: redis connected","timestamp":"2026-06-06T09:55:37.071Z"}
{"level":"info","message":"Connecting to RabbitMQ...","timestamp":"2026-06-06T09:55:37.071Z"}
{"level":"info","message":"RabbitMQ topology asserted","timestamp":"2026-06-06T09:55:37.311Z"}
{"level":"info","message":"RabbitMQ connected","timestamp":"2026-06-06T09:55:37.312Z"}
{"level":"info","message":"Worker: started, waiting for jobs...","timestamp":"2026-06-06T09:55:37.314Z"}
{"level":"info","message":"PostgreSQL connected via Prisma","timestamp":"2026-06-06T09:55:42.793Z"}
{"level":"info","message":"Running Prisma migrations...","timestamp":"2026-06-06T09:55:42.797Z"}
{"level":"info","message":"Prisma migrations completed","timestamp":"2026-06-06T09:56:19.918Z"}
{"level":"info","message":"Connecting to RabbitMQ...","timestamp":"2026-06-06T09:56:19.919Z"}
{"level":"info","message":"RabbitMQ topology asserted","timestamp":"2026-06-06T09:56:20.045Z"}
{"level":"info","message":"RabbitMQ connected","timestamp":"2026-06-06T09:56:20.046Z"}
{"level":"info","message":"Redis [default] connected","timestamp":"2026-06-06T09:56:20.054Z"}
{"level":"info","message":"Redis [default] ready","timestamp":"2026-06-06T09:56:20.064Z"}
{"level":"info","message":"Redis connected successfully","timestamp":"2026-06-06T09:56:20.065Z"}
{"level":"info","message":"Cron: scheduler started — expression: \"*/30 * * * * *\"","timestamp":"2026-06-06T09:56:20.140Z"}
{"level":"info","message":"Worker metrics exposed on :9000/metrics","timestamp":"2026-06-06T09:56:20.146Z"}
{"level":"info","message":"API server running on port 3000","timestamp":"2026-06-06T09:56:20.148Z"}
{"level":"debug","message":"Cron: no due jobs found","timestamp":"2026-06-06T09:56:30.117Z"}
{"level":"debug","message":"Cron: no due jobs found","timestamp":"2026-06-06T09:57:00.030Z"}
{"level":"info","message":"Cron: found 1 due job(s)","timestamp":"2026-06-06T09:57:30.046Z"}
{"jobId":"fc673e86-87d2-4a74-aba4-81c77e170067","level":"info","message":"Worker: job sent successfully","timestamp":"2026-06-06T09:57:30.220Z"}
{"level":"debug","message":"Cron: no due jobs found","timestamp":"2026-06-06T09:58:00.071Z"}
{"level":"debug","message":"Cron: no due jobs found","timestamp":"2026-06-06T09:58:30.058Z"}
{"level":"info","message":"Worker: shutdown signal received","timestamp":"2026-06-06T09:58:39.002Z"}
{"level":"debug","message":"Cron: no due jobs found","timestamp":"2026-06-06T09:59:00.055Z"}
{"level":"debug","message":"Cron: no due jobs found","timestamp":"2026-06-06T09:59:30.045Z"}
{"level":"debug","message":"Cron: no due jobs found","timestamp":"2026-06-06T10:00:00.051Z"}
{"level":"debug","message":"Cron: no due jobs found","timestamp":"2026-06-06T10:00:30.044Z"}
{"level":"debug","message":"Cron: no due jobs found","timestamp":"2026-06-06T10:01:00.057Z"}
{"level":"debug","message":"Cron: no due jobs found","timestamp":"2026-06-06T10:01:30.054Z"}
{"level":"debug","message":"Cron: no due jobs found","timestamp":"2026-06-06T10:02:00.066Z"}
{"level":"debug","message":"Cron: no due jobs found","timestamp":"2026-06-06T10:02:30.053Z"}
{"level":"debug","message":"Cron: no due jobs found","timestamp":"2026-06-06T10:03:00.104Z"}
{"level":"debug","message":"Cron: no due jobs found","timestamp":"2026-06-06T10:03:30.068Z"}
{"level":"info","message":"Worker: Started Monitoring","timestamp":"2026-06-06T10:03:33.842Z"}
{"level":"info","message":"Worker metrics exposed on :9001/metrics","timestamp":"2026-06-06T10:03:33.853Z"}
{"level":"info","message":"Worker: database connected","timestamp":"2026-06-06T10:03:34.056Z"}
{"level":"info","message":"Redis [default] connected","timestamp":"2026-06-06T10:03:34.105Z"}
{"level":"info","message":"Redis [default] ready","timestamp":"2026-06-06T10:03:34.120Z"}
{"level":"info","message":"Worker: redis connected","timestamp":"2026-06-06T10:03:34.122Z"}
{"level":"info","message":"Connecting to RabbitMQ...","timestamp":"2026-06-06T10:03:34.124Z"}
{"level":"info","message":"RabbitMQ topology asserted","timestamp":"2026-06-06T10:03:34.258Z"}
{"level":"info","message":"RabbitMQ connected","timestamp":"2026-06-06T10:03:34.259Z"}
{"level":"info","message":"Worker: started, waiting for jobs...","timestamp":"2026-06-06T10:03:34.264Z"}
{"level":"debug","message":"Cron: no due jobs found","timestamp":"2026-06-06T10:04:00.079Z"}
{"level":"debug","message":"Cron: no due jobs found","timestamp":"2026-06-06T10:04:30.177Z"}
{"level":"debug","message":"Cron: no due jobs found","timestamp":"2026-06-06T10:05:00.070Z"}
{"level":"debug","message":"Cron: no due jobs found","timestamp":"2026-06-06T10:05:30.062Z"}
{"level":"debug","message":"Cron: no due jobs found","timestamp":"2026-06-06T10:06:00.089Z"}
{"level":"info","message":"Worker: Started Monitoring","timestamp":"2026-06-06T10:06:26.781Z"}
{"level":"info","message":"Worker metrics exposed on :9001/metrics","timestamp":"2026-06-06T10:06:26.792Z"}
{"level":"info","message":"Worker: database connected","timestamp":"2026-06-06T10:06:26.952Z"}
{"level":"info","message":"Redis [default] connected","timestamp":"2026-06-06T10:06:26.990Z"}
{"level":"info","message":"Redis [default] ready","timestamp":"2026-06-06T10:06:27.008Z"}
{"level":"info","message":"Worker: redis connected","timestamp":"2026-06-06T10:06:27.010Z"}
{"level":"info","message":"Connecting to RabbitMQ...","timestamp":"2026-06-06T10:06:27.011Z"}
{"level":"info","message":"RabbitMQ topology asserted","timestamp":"2026-06-06T10:06:27.155Z"}
{"level":"info","message":"RabbitMQ connected","timestamp":"2026-06-06T10:06:27.157Z"}
{"level":"info","message":"Worker: started, waiting for jobs...","timestamp":"2026-06-06T10:06:27.162Z"}
{"level":"info","message":"Worker: Started Monitoring","timestamp":"2026-06-06T10:06:28.583Z"}
{"level":"info","message":"Worker metrics exposed on :9001/metrics","timestamp":"2026-06-06T10:06:28.597Z"}
{"level":"info","message":"Worker: database connected","timestamp":"2026-06-06T10:06:28.752Z"}
{"level":"info","message":"Redis [default] connected","timestamp":"2026-06-06T10:06:28.791Z"}
{"level":"info","message":"Redis [default] ready","timestamp":"2026-06-06T10:06:28.806Z"}
{"level":"info","message":"Worker: redis connected","timestamp":"2026-06-06T10:06:28.808Z"}
{"level":"info","message":"Connecting to RabbitMQ...","timestamp":"2026-06-06T10:06:28.809Z"}
{"level":"info","message":"RabbitMQ topology asserted","timestamp":"2026-06-06T10:06:28.946Z"}
{"level":"info","message":"RabbitMQ connected","timestamp":"2026-06-06T10:06:28.947Z"}
{"level":"info","message":"Worker: started, waiting for jobs...","timestamp":"2026-06-06T10:06:28.951Z"}
{"level":"debug","message":"Cron: no due jobs found","timestamp":"2026-06-06T10:06:30.084Z"}
{"level":"info","message":"Worker: Started Monitoring","timestamp":"2026-06-06T10:06:39.857Z"}
{"level":"info","message":"Worker metrics exposed on :9001/metrics","timestamp":"2026-06-06T10:06:39.866Z"}
{"level":"info","message":"Worker: database connected","timestamp":"2026-06-06T10:06:40.036Z"}
{"level":"info","message":"Redis [default] connected","timestamp":"2026-06-06T10:06:40.075Z"}
{"level":"info","message":"Redis [default] ready","timestamp":"2026-06-06T10:06:40.094Z"}
{"level":"info","message":"Worker: redis connected","timestamp":"2026-06-06T10:06:40.095Z"}
{"level":"info","message":"Connecting to RabbitMQ...","timestamp":"2026-06-06T10:06:40.097Z"}
{"level":"info","message":"RabbitMQ topology asserted","timestamp":"2026-06-06T10:06:40.236Z"}
{"level":"info","message":"RabbitMQ connected","timestamp":"2026-06-06T10:06:40.237Z"}
{"level":"info","message":"Worker: started, waiting for jobs...","timestamp":"2026-06-06T10:06:40.242Z"}
{"level":"info","message":"Worker: Started Monitoring","timestamp":"2026-06-06T10:06:46.677Z"}
{"level":"info","message":"Worker metrics exposed on :9001/metrics","timestamp":"2026-06-06T10:06:46.687Z"}
{"level":"info","message":"Worker: database connected","timestamp":"2026-06-06T10:06:46.845Z"}
{"level":"info","message":"Redis [default] connected","timestamp":"2026-06-06T10:06:46.889Z"}
{"level":"info","message":"Redis [default] ready","timestamp":"2026-06-06T10:06:46.904Z"}
{"level":"info","message":"Worker: redis connected","timestamp":"2026-06-06T10:06:46.906Z"}
{"level":"info","message":"Connecting to RabbitMQ...","timestamp":"2026-06-06T10:06:46.907Z"}
{"level":"info","message":"RabbitMQ topology asserted","timestamp":"2026-06-06T10:06:47.042Z"}
{"level":"info","message":"RabbitMQ connected","timestamp":"2026-06-06T10:06:47.043Z"}
{"level":"info","message":"Worker: started, waiting for jobs...","timestamp":"2026-06-06T10:06:47.049Z"}
{"level":"info","message":"Worker: Started Monitoring","timestamp":"2026-06-06T10:06:48.387Z"}
{"level":"info","message":"Worker metrics exposed on :9001/metrics","timestamp":"2026-06-06T10:06:48.396Z"}
{"level":"info","message":"Worker: database connected","timestamp":"2026-06-06T10:06:48.568Z"}
{"level":"info","message":"Redis [default] connected","timestamp":"2026-06-06T10:06:48.622Z"}
{"level":"info","message":"Redis [default] ready","timestamp":"2026-06-06T10:06:48.641Z"}
{"level":"info","message":"Worker: redis connected","timestamp":"2026-06-06T10:06:48.643Z"}
{"level":"info","message":"Connecting to RabbitMQ...","timestamp":"2026-06-06T10:06:48.645Z"}
{"level":"info","message":"RabbitMQ topology asserted","timestamp":"2026-06-06T10:06:48.789Z"}
{"level":"info","message":"RabbitMQ connected","timestamp":"2026-06-06T10:06:48.791Z"}
{"level":"info","message":"Worker: started, waiting for jobs...","timestamp":"2026-06-06T10:06:48.797Z"}
{"level":"debug","message":"Cron: no due jobs found","timestamp":"2026-06-06T10:07:00.112Z"}
{"level":"debug","message":"Cron: no due jobs found","timestamp":"2026-06-06T10:07:30.069Z"}
{"level":"debug","message":"Cron: no due jobs found","timestamp":"2026-06-06T10:08:00.057Z"}
{"level":"debug","message":"Cron: no due jobs found","timestamp":"2026-06-06T10:08:30.049Z"}
{"level":"debug","message":"Cron: no due jobs found","timestamp":"2026-06-06T10:09:00.054Z"}
{"level":"info","message":"Worker: Started Monitoring","timestamp":"2026-06-06T10:09:29.364Z"}
{"level":"info","message":"Worker metrics exposed on :9001/metrics","timestamp":"2026-06-06T10:09:29.370Z"}
{"level":"info","message":"Worker: database connected","timestamp":"2026-06-06T10:09:29.455Z"}
{"level":"info","message":"Redis [default] connected","timestamp":"2026-06-06T10:09:29.477Z"}
{"level":"info","message":"Redis [default] ready","timestamp":"2026-06-06T10:09:29.487Z"}
{"level":"info","message":"Worker: redis connected","timestamp":"2026-06-06T10:09:29.488Z"}
{"level":"info","message":"Connecting to RabbitMQ...","timestamp":"2026-06-06T10:09:29.489Z"}
{"level":"info","message":"RabbitMQ topology asserted","timestamp":"2026-06-06T10:09:29.588Z"}
{"level":"info","message":"RabbitMQ connected","timestamp":"2026-06-06T10:09:29.588Z"}
{"level":"info","message":"Worker: started, waiting for jobs...","timestamp":"2026-06-06T10:09:29.591Z"}
{"level":"debug","message":"Cron: no due jobs found","timestamp":"2026-06-06T10:09:30.038Z"}
{"level":"info","message":"Worker: Started Monitoring","timestamp":"2026-06-06T10:09:33.284Z"}
{"level":"info","message":"Worker metrics exposed on :9001/metrics","timestamp":"2026-06-06T10:09:33.292Z"}
{"level":"info","message":"Worker: database connected","timestamp":"2026-06-06T10:09:33.410Z"}
{"level":"info","message":"Redis [default] connected","timestamp":"2026-06-06T10:09:33.463Z"}
{"level":"info","message":"Redis [default] ready","timestamp":"2026-06-06T10:09:33.475Z"}
{"level":"info","message":"Worker: redis connected","timestamp":"2026-06-06T10:09:33.477Z"}
{"level":"info","message":"Connecting to RabbitMQ...","timestamp":"2026-06-06T10:09:33.479Z"}
{"level":"info","message":"RabbitMQ topology asserted","timestamp":"2026-06-06T10:09:33.598Z"}
{"level":"info","message":"RabbitMQ connected","timestamp":"2026-06-06T10:09:33.599Z"}
{"level":"info","message":"Worker: started, waiting for jobs...","timestamp":"2026-06-06T10:09:33.603Z"}
{"level":"debug","message":"Cron: no due jobs found","timestamp":"2026-06-06T10:10:00.051Z"}
{"level":"debug","message":"Cron: no due jobs found","timestamp":"2026-06-06T10:10:30.048Z"}
{"level":"debug","message":"Cron: no due jobs found","timestamp":"2026-06-06T10:11:00.058Z"}
{"level":"debug","message":"Cron: no due jobs found","timestamp":"2026-06-06T10:11:30.057Z"}
{"level":"debug","message":"Cron: no due jobs found","timestamp":"2026-06-06T10:12:00.050Z"}
{"level":"debug","message":"Cron: no due jobs found","timestamp":"2026-06-06T10:12:30.050Z"}
{"level":"debug","message":"Cron: no due jobs found","timestamp":"2026-06-06T10:13:00.055Z"}
{"level":"debug","message":"Cron: no due jobs found","timestamp":"2026-06-06T10:13:30.057Z"}
{"level":"info","message":"Cron: found 1 due job(s)","timestamp":"2026-06-06T10:14:00.058Z"}
{"jobId":"8a99727b-642a-465f-b99c-9ed0768f597b","level":"info","message":"Worker: job sent successfully","timestamp":"2026-06-06T10:14:00.252Z"}
{"level":"debug","message":"Cron: no due jobs found","timestamp":"2026-06-06T10:14:30.062Z"}
{"level":"debug","message":"Cron: no due jobs found","timestamp":"2026-06-06T10:15:00.056Z"}
{"level":"debug","message":"Cron: no due jobs found","timestamp":"2026-06-06T10:15:30.067Z"}
{"level":"debug","message":"Cron: no due jobs found","timestamp":"2026-06-06T10:16:00.046Z"}
{"level":"debug","message":"Cron: no due jobs found","timestamp":"2026-06-06T10:16:30.055Z"}
{"level":"info","message":"Worker: shutdown signal received","timestamp":"2026-06-06T10:16:36.277Z"}
{"level":"info","message":"SIGINT received, shutting down","timestamp":"2026-06-06T10:16:39.876Z"}
{"level":"info","message":"Worker: Started Monitoring","timestamp":"2026-06-06T10:17:55.992Z"}
{"level":"info","message":"Worker metrics exposed on :9001/metrics","timestamp":"2026-06-06T10:17:55.998Z"}
{"level":"info","message":"Worker: database connected","timestamp":"2026-06-06T10:17:56.107Z"}
{"level":"info","message":"Redis [default] connected","timestamp":"2026-06-06T10:17:56.140Z"}
{"level":"info","message":"Redis [default] ready","timestamp":"2026-06-06T10:17:56.153Z"}
{"level":"info","message":"Worker: redis connected","timestamp":"2026-06-06T10:17:56.154Z"}
{"level":"info","message":"Connecting to RabbitMQ...","timestamp":"2026-06-06T10:17:56.156Z"}
{"level":"info","message":"RabbitMQ topology asserted","timestamp":"2026-06-06T10:17:56.412Z"}
{"level":"info","message":"RabbitMQ connected","timestamp":"2026-06-06T10:17:56.413Z"}
{"level":"info","message":"Worker: started, waiting for jobs...","timestamp":"2026-06-06T10:17:56.417Z"}
{"level":"info","message":"PostgreSQL connected via Prisma","timestamp":"2026-06-06T10:17:53.095Z"}
{"level":"info","message":"Running Prisma migrations...","timestamp":"2026-06-06T10:17:53.099Z"}
{"level":"info","message":"Prisma migrations completed","timestamp":"2026-06-06T10:17:58.452Z"}
{"level":"info","message":"Connecting to RabbitMQ...","timestamp":"2026-06-06T10:17:58.454Z"}
{"level":"info","message":"RabbitMQ topology asserted","timestamp":"2026-06-06T10:17:58.620Z"}
{"level":"info","message":"RabbitMQ connected","timestamp":"2026-06-06T10:17:58.621Z"}
{"level":"info","message":"Redis [default] connected","timestamp":"2026-06-06T10:17:58.631Z"}
{"level":"info","message":"Redis [default] ready","timestamp":"2026-06-06T10:17:58.645Z"}
{"level":"info","message":"Redis connected successfully","timestamp":"2026-06-06T10:17:58.647Z"}
{"level":"info","message":"Cron: scheduler started — expression: \"*/30 * * * * *\"","timestamp":"2026-06-06T10:17:58.698Z"}
{"level":"info","message":"Worker metrics exposed on :9000/metrics","timestamp":"2026-06-06T10:17:58.706Z"}
{"level":"info","message":"API server running on port 3000","timestamp":"2026-06-06T10:17:58.707Z"}
{"level":"debug","message":"Cron: no due jobs found","timestamp":"2026-06-06T10:18:00.118Z"}
{"level":"debug","message":"Cron: no due jobs found","timestamp":"2026-06-06T10:18:30.083Z"}
{"level":"debug","message":"Cron: no due jobs found","timestamp":"2026-06-06T10:19:00.062Z"}
{"level":"debug","message":"Cron: no due jobs found","timestamp":"2026-06-06T10:19:30.043Z"}
{"level":"debug","message":"Cron: no due jobs found","timestamp":"2026-06-06T10:20:00.049Z"}
{"level":"debug","message":"Cron: no due jobs found","timestamp":"2026-06-06T10:20:30.063Z"}
{"level":"debug","message":"Cron: no due jobs found","timestamp":"2026-06-06T10:21:00.052Z"}
{"level":"debug","message":"Cron: no due jobs found","timestamp":"2026-06-06T10:21:30.060Z"}
{"level":"debug","message":"Cron: no due jobs found","timestamp":"2026-06-06T10:22:00.049Z"}
{"level":"debug","message":"Cron: no due jobs found","timestamp":"2026-06-06T10:22:30.049Z"}
{"level":"debug","message":"Cron: no due jobs found","timestamp":"2026-06-06T10:23:00.052Z"}
{"level":"debug","message":"Cron: no due jobs found","timestamp":"2026-06-06T10:23:30.045Z"}
{"level":"debug","message":"Cron: no due jobs found","timestamp":"2026-06-06T10:24:00.057Z"}
{"level":"debug","message":"Cron: no due jobs found","timestamp":"2026-06-06T10:24:30.050Z"}
{"level":"debug","message":"Cron: no due jobs found","timestamp":"2026-06-06T10:25:00.047Z"}
{"level":"debug","message":"Cron: no due jobs found","timestamp":"2026-06-06T10:25:30.056Z"}
{"level":"debug","message":"Cron: no due jobs found","timestamp":"2026-06-06T10:26:00.061Z"}
{"level":"debug","message":"Cron: no due jobs found","timestamp":"2026-06-06T10:26:30.020Z"}
{"level":"debug","message":"Cron: no due jobs found","timestamp":"2026-06-06T10:27:00.031Z"}
{"level":"debug","message":"Cron: no due jobs found","timestamp":"2026-06-06T10:27:30.051Z"}
{"level":"debug","message":"Cron: no due jobs found","timestamp":"2026-06-06T10:28:00.048Z"}
{"level":"debug","message":"Cron: no due jobs found","timestamp":"2026-06-06T10:28:30.049Z"}
{"level":"debug","message":"Cron: no due jobs found","timestamp":"2026-06-06T10:29:00.047Z"}
{"level":"debug","message":"Cron: no due jobs found","timestamp":"2026-06-06T10:29:30.058Z"}
{"level":"debug","message":"Cron: no due jobs found","timestamp":"2026-06-06T10:30:00.071Z"}
{"level":"debug","message":"Cron: no due jobs found","timestamp":"2026-06-06T10:30:30.058Z"}
{"level":"debug","message":"Cron: no due jobs found","timestamp":"2026-06-06T10:31:00.050Z"}
{"level":"debug","message":"Cron: no due jobs found","timestamp":"2026-06-06T10:31:30.052Z"}
{"level":"debug","message":"Cron: no due jobs found","timestamp":"2026-06-06T10:32:00.057Z"}
{"level":"debug","message":"Cron: no due jobs found","timestamp":"2026-06-06T10:32:30.056Z"}
{"level":"debug","message":"Cron: no due jobs found","timestamp":"2026-06-06T10:33:00.066Z"}
{"level":"debug","message":"Cron: no due jobs found","timestamp":"2026-06-06T10:33:30.053Z"}
{"level":"debug","message":"Cron: no due jobs found","timestamp":"2026-06-06T10:34:00.054Z"}
{"level":"debug","message":"Cron: no due jobs found","timestamp":"2026-06-06T10:34:30.059Z"}
{"level":"debug","message":"Cron: no due jobs found","timestamp":"2026-06-06T10:35:00.047Z"}
{"level":"debug","message":"Cron: no due jobs found","timestamp":"2026-06-06T10:35:30.067Z"}
{"level":"debug","message":"Cron: no due jobs found","timestamp":"2026-06-06T10:36:00.053Z"}
{"level":"debug","message":"Cron: no due jobs found","timestamp":"2026-06-06T10:36:30.044Z"}
{"level":"debug","message":"Cron: no due jobs found","timestamp":"2026-06-06T10:37:00.060Z"}
{"level":"debug","message":"Cron: no due jobs found","timestamp":"2026-06-06T10:37:30.049Z"}
{"level":"info","message":"Worker: shutdown signal received","timestamp":"2026-06-06T10:37:32.792Z"}
{"level":"info","message":"SIGINT received, shutting down","timestamp":"2026-06-06T10:37:35.564Z"}
{"level":"info","message":"PostgreSQL connected via Prisma","timestamp":"2026-06-06T10:40:06.694Z"}
{"level":"info","message":"Running Prisma migrations...","timestamp":"2026-06-06T10:40:06.698Z"}
{"level":"info","message":"Prisma migrations completed","timestamp":"2026-06-06T10:40:12.152Z"}
{"level":"info","message":"Connecting to RabbitMQ...","timestamp":"2026-06-06T10:40:12.153Z"}
{"level":"info","message":"RabbitMQ topology asserted","timestamp":"2026-06-06T10:40:12.380Z"}
{"level":"info","message":"RabbitMQ connected","timestamp":"2026-06-06T10:40:12.381Z"}
{"level":"info","message":"Redis [default] connected","timestamp":"2026-06-06T10:40:12.386Z"}
{"level":"info","message":"Redis [default] ready","timestamp":"2026-06-06T10:40:12.397Z"}
{"level":"info","message":"Redis connected successfully","timestamp":"2026-06-06T10:40:12.398Z"}
{"level":"info","message":"Cron: scheduler started — expression: \"*/30 * * * * *\"","timestamp":"2026-06-06T10:40:12.434Z"}
{"level":"info","message":"Worker metrics exposed on :9000/metrics","timestamp":"2026-06-06T10:40:12.439Z"}
{"level":"info","message":"API server running on port 3000","timestamp":"2026-06-06T10:40:12.440Z"}
{"level":"debug","message":"Cron: no due jobs found","timestamp":"2026-06-06T10:40:30.043Z"}
{"level":"debug","message":"Cron: no due jobs found","timestamp":"2026-06-06T10:41:00.063Z"}
{"level":"debug","message":"Cron: no due jobs found","timestamp":"2026-06-06T10:41:30.055Z"}
{"level":"debug","message":"Cron: no due jobs found","timestamp":"2026-06-06T10:42:00.048Z"}
{"level":"debug","message":"Cron: no due jobs found","timestamp":"2026-06-06T10:42:30.045Z"}
{"level":"debug","message":"Cron: no due jobs found","timestamp":"2026-06-06T10:43:00.050Z"}
{"level":"debug","message":"Cron: no due jobs found","timestamp":"2026-06-06T10:43:30.044Z"}
{"level":"debug","message":"Cron: no due jobs found","timestamp":"2026-06-06T10:44:00.053Z"}
{"level":"debug","message":"Cron: no due jobs found","timestamp":"2026-06-06T10:44:30.043Z"}
{"level":"debug","message":"Cron: no due jobs found","timestamp":"2026-06-06T10:45:00.058Z"}
{"level":"debug","message":"Cron: no due jobs found","timestamp":"2026-06-06T10:45:30.049Z"}
{"level":"debug","message":"Cron: no due jobs found","timestamp":"2026-06-06T10:46:00.039Z"}
{"level":"debug","message":"Cron: no due jobs found","timestamp":"2026-06-06T10:46:30.055Z"}
{"level":"debug","message":"Cron: no due jobs found","timestamp":"2026-06-06T10:47:00.038Z"}
{"level":"debug","message":"Cron: no due jobs found","timestamp":"2026-06-06T10:47:30.055Z"}
{"level":"debug","message":"Cron: no due jobs found","timestamp":"2026-06-06T10:48:00.058Z"}
{"level":"debug","message":"Cron: no due jobs found","timestamp":"2026-06-06T10:48:30.053Z"}
{"level":"debug","message":"Cron: no due jobs found","timestamp":"2026-06-06T10:49:00.045Z"}
{"level":"debug","message":"Cron: no due jobs found","timestamp":"2026-06-06T10:49:30.049Z"}
{"level":"debug","message":"Cron: no due jobs found","timestamp":"2026-06-06T10:50:00.045Z"}
{"level":"debug","message":"Cron: no due jobs found","timestamp":"2026-06-06T10:50:30.057Z"}
{"level":"debug","message":"Cron: no due jobs found","timestamp":"2026-06-06T10:51:00.050Z"}
{"level":"debug","message":"Cron: no due jobs found","timestamp":"2026-06-06T10:51:30.059Z"}
{"level":"debug","message":"Cron: no due jobs found","timestamp":"2026-06-06T10:52:00.044Z"}
{"level":"debug","message":"Cron: no due jobs found","timestamp":"2026-06-06T10:52:30.051Z"}
{"level":"warn","message":"Redis [default] retrying in 100ms (attempt 1)","timestamp":"2026-06-06T10:52:46.488Z"}
{"level":"warn","message":"Redis [default] connection closed","timestamp":"2026-06-06T10:52:46.490Z"}
{"level":"warn","message":"Redis [default] reconnecting...","timestamp":"2026-06-06T10:52:46.491Z"}
{"level":"info","message":"Redis [default] connected","timestamp":"2026-06-06T10:52:46.598Z"}
{"level":"warn","message":"Redis [default] retrying in 200ms (attempt 2)","timestamp":"2026-06-06T10:52:46.607Z"}
{"level":"warn","message":"Redis [default] connection closed","timestamp":"2026-06-06T10:52:46.609Z"}
{"level":"warn","message":"Redis [default] reconnecting...","timestamp":"2026-06-06T10:52:46.610Z"}
{"level":"warn","message":"RabbitMQ connection closed, reconnecting...","timestamp":"2026-06-06T10:52:46.631Z"}
{"level":"info","message":"RabbitMQ reconnecting (attempt 1/10)...","timestamp":"2026-06-06T10:52:46.632Z"}
{"level":"info","message":"Redis [default] connected","timestamp":"2026-06-06T10:52:46.811Z"}
{"level":"warn","message":"Redis [default] retrying in 300ms (attempt 3)","timestamp":"2026-06-06T10:52:46.816Z"}
{"level":"warn","message":"Redis [default] connection closed","timestamp":"2026-06-06T10:52:46.816Z"}
{"level":"warn","message":"Redis [default] reconnecting...","timestamp":"2026-06-06T10:52:46.817Z"}
{"level":"info","message":"Redis [default] connected","timestamp":"2026-06-06T10:52:47.125Z"}
{"level":"warn","message":"Redis [default] retrying in 400ms (attempt 4)","timestamp":"2026-06-06T10:52:47.130Z"}
{"level":"warn","message":"Redis [default] connection closed","timestamp":"2026-06-06T10:52:47.133Z"}
{"level":"warn","message":"Redis [default] reconnecting...","timestamp":"2026-06-06T10:52:47.134Z"}
{"level":"info","message":"Redis [default] connected","timestamp":"2026-06-06T10:52:47.536Z"}
{"level":"warn","message":"Redis [default] retrying in 500ms (attempt 5)","timestamp":"2026-06-06T10:52:47.540Z"}
{"level":"warn","message":"Redis [default] connection closed","timestamp":"2026-06-06T10:52:47.541Z"}
{"level":"warn","message":"Redis [default] reconnecting...","timestamp":"2026-06-06T10:52:47.544Z"}
{"error":"","level":"error","message":"Redis [default] error","timestamp":"2026-06-06T10:52:48.051Z"}
{"level":"warn","message":"Redis [default] retrying in 600ms (attempt 6)","timestamp":"2026-06-06T10:52:48.052Z"}
{"level":"warn","message":"Redis [default] connection closed","timestamp":"2026-06-06T10:52:48.053Z"}
{"level":"warn","message":"Redis [default] reconnecting...","timestamp":"2026-06-06T10:52:48.053Z"}
{"error":"","level":"error","message":"Redis [default] error","timestamp":"2026-06-06T10:52:48.670Z"}
{"level":"warn","message":"Redis [default] retrying in 700ms (attempt 7)","timestamp":"2026-06-06T10:52:48.671Z"}
{"level":"warn","message":"Redis [default] connection closed","timestamp":"2026-06-06T10:52:48.671Z"}
{"level":"warn","message":"Redis [default] reconnecting...","timestamp":"2026-06-06T10:52:48.672Z"}
{"error":"","level":"error","message":"Redis [default] error","timestamp":"2026-06-06T10:52:49.385Z"}
{"level":"warn","message":"Redis [default] retrying in 800ms (attempt 8)","timestamp":"2026-06-06T10:52:49.386Z"}
{"level":"warn","message":"Redis [default] connection closed","timestamp":"2026-06-06T10:52:49.387Z"}
{"level":"warn","message":"Redis [default] reconnecting...","timestamp":"2026-06-06T10:52:49.387Z"}
{"level":"info","message":"RabbitMQ reconnecting (attempt 2/10)...","timestamp":"2026-06-06T10:52:49.652Z"}
{"error":"","level":"error","message":"Redis [default] error","timestamp":"2026-06-06T10:52:50.201Z"}
{"level":"warn","message":"Redis [default] retrying in 900ms (attempt 9)","timestamp":"2026-06-06T10:52:50.202Z"}
{"level":"warn","message":"Redis [default] connection closed","timestamp":"2026-06-06T10:52:50.204Z"}
{"level":"warn","message":"Redis [default] reconnecting...","timestamp":"2026-06-06T10:52:50.205Z"}
{"level":"info","message":"Worker: Started Monitoring","timestamp":"2026-06-06T12:07:24.023Z"}
{"level":"info","message":"Worker metrics exposed on :9001/metrics","timestamp":"2026-06-06T12:07:24.028Z"}
{"level":"info","message":"Worker: database connected","timestamp":"2026-06-06T12:07:24.110Z"}
{"level":"info","message":"Redis [default] connected","timestamp":"2026-06-06T12:07:24.136Z"}
{"level":"info","message":"Redis [default] ready","timestamp":"2026-06-06T12:07:24.147Z"}
{"level":"info","message":"Worker: redis connected","timestamp":"2026-06-06T12:07:24.148Z"}
{"level":"info","message":"Connecting to RabbitMQ...","timestamp":"2026-06-06T12:07:24.149Z"}
{"level":"info","message":"RabbitMQ topology asserted","timestamp":"2026-06-06T12:07:24.362Z"}
{"level":"info","message":"RabbitMQ connected","timestamp":"2026-06-06T12:07:24.362Z"}
{"level":"info","message":"Worker: started, waiting for jobs...","timestamp":"2026-06-06T12:07:24.365Z"}
{"level":"info","message":"PostgreSQL connected via Prisma","timestamp":"2026-06-06T12:07:40.703Z"}
{"level":"info","message":"Running Prisma migrations...","timestamp":"2026-06-06T12:07:40.706Z"}
{"level":"info","message":"Prisma migrations completed","timestamp":"2026-06-06T12:07:44.360Z"}
{"level":"info","message":"Connecting to RabbitMQ...","timestamp":"2026-06-06T12:07:44.361Z"}
{"level":"info","message":"RabbitMQ topology asserted","timestamp":"2026-06-06T12:07:44.480Z"}
{"level":"info","message":"RabbitMQ connected","timestamp":"2026-06-06T12:07:44.481Z"}
{"level":"info","message":"Redis [default] connected","timestamp":"2026-06-06T12:07:44.487Z"}
{"level":"info","message":"Redis [default] ready","timestamp":"2026-06-06T12:07:44.497Z"}
{"level":"info","message":"Redis connected successfully","timestamp":"2026-06-06T12:07:44.498Z"}
{"level":"info","message":"Cron: scheduler started — expression: \"*/30 * * * * *\"","timestamp":"2026-06-06T12:07:44.530Z"}
{"level":"info","message":"Worker metrics exposed on :9000/metrics","timestamp":"2026-06-06T12:07:44.535Z"}
{"level":"info","message":"API server running on port 3000","timestamp":"2026-06-06T12:07:44.535Z"}
{"level":"debug","message":"Cron: no due jobs found","timestamp":"2026-06-06T12:08:00.112Z"}
{"level":"debug","message":"Cron: no due jobs found","timestamp":"2026-06-06T12:08:30.064Z"}
{"level":"info","message":"Cron: found 1 due job(s)","timestamp":"2026-06-06T12:09:00.030Z"}
{"error":"shidhs","level":"error","message":"[MOCK EMAIL] Failed to deliver message","timestamp":"2026-06-06T12:09:00.169Z","to":"@pk1212"}
{"error":"shidhs","jobId":"1d31cfea-45ba-4f49-95ff-735198ca7de2","level":"error","message":"Worker: job failed","timestamp":"2026-06-06T12:09:00.170Z"}
{"attempt":"1/3","jobId":"1d31cfea-45ba-4f49-95ff-735198ca7de2","level":"warn","message":"Worker: queued for retry","timestamp":"2026-06-06T12:09:00.179Z"}
{"level":"debug","message":"Cron: no due jobs found","timestamp":"2026-06-06T12:09:30.043Z"}
{"error":"shidhs","level":"error","message":"[MOCK EMAIL] Failed to deliver message","timestamp":"2026-06-06T12:09:30.523Z","to":"@pk1212"}
{"error":"shidhs","jobId":"1d31cfea-45ba-4f49-95ff-735198ca7de2","level":"error","message":"Worker: job failed","timestamp":"2026-06-06T12:09:30.524Z"}
{"attempt":"2/3","jobId":"1d31cfea-45ba-4f49-95ff-735198ca7de2","level":"warn","message":"Worker: queued for retry","timestamp":"2026-06-06T12:09:30.530Z"}
{"level":"debug","message":"Cron: no due jobs found","timestamp":"2026-06-06T12:10:00.054Z"}
{"error":"shidhs","level":"error","message":"[MOCK EMAIL] Failed to deliver message","timestamp":"2026-06-06T12:10:00.687Z","to":"@pk1212"}
{"error":"shidhs","jobId":"1d31cfea-45ba-4f49-95ff-735198ca7de2","level":"error","message":"Worker: job failed","timestamp":"2026-06-06T12:10:00.688Z"}
{"attempt":"3/3","jobId":"1d31cfea-45ba-4f49-95ff-735198ca7de2","level":"warn","message":"Worker: queued for retry","timestamp":"2026-06-06T12:10:00.695Z"}
{"level":"debug","message":"Cron: no due jobs found","timestamp":"2026-06-06T12:10:30.049Z"}
{"error":"shidhs","level":"error","message":"[MOCK EMAIL] Failed to deliver message","timestamp":"2026-06-06T12:10:30.083Z","to":"@pk1212"}
{"error":"shidhs","jobId":"1d31cfea-45ba-4f49-95ff-735198ca7de2","level":"error","message":"Worker: job failed","timestamp":"2026-06-06T12:10:30.084Z"}
{"jobId":"1d31cfea-45ba-4f49-95ff-735198ca7de2","level":"error","message":"Worker: job permanently failed, sent to DLQ","timestamp":"2026-06-06T12:10:30.093Z"}
{"level":"debug","message":"Cron: no due jobs found","timestamp":"2026-06-06T12:11:00.058Z"}
{"level":"debug","message":"Cron: no due jobs found","timestamp":"2026-06-06T12:11:30.051Z"}
{"level":"debug","message":"Cron: no due jobs found","timestamp":"2026-06-06T12:12:00.047Z"}
{"level":"debug","message":"Cron: no due jobs found","timestamp":"2026-06-06T12:12:30.061Z"}
{"level":"debug","message":"Cron: no due jobs found","timestamp":"2026-06-06T12:13:00.051Z"}
{"level":"debug","message":"Cron: no due jobs found","timestamp":"2026-06-06T12:13:30.056Z"}
{"level":"debug","message":"Cron: no due jobs found","timestamp":"2026-06-06T12:14:00.057Z"}
{"level":"debug","message":"Cron: no due jobs found","timestamp":"2026-06-06T12:14:30.048Z"}
{"level":"debug","message":"Cron: no due jobs found","timestamp":"2026-06-06T12:15:00.054Z"}
{"level":"debug","message":"Cron: no due jobs found","timestamp":"2026-06-06T12:15:30.052Z"}
{"level":"debug","message":"Cron: no due jobs found","timestamp":"2026-06-06T12:16:00.055Z"}
{"level":"debug","message":"Cron: no due jobs found","timestamp":"2026-06-06T12:16:30.059Z"}
{"level":"debug","message":"Cron: no due jobs found","timestamp":"2026-06-06T12:17:00.055Z"}
{"level":"debug","message":"Cron: no due jobs found","timestamp":"2026-06-06T12:17:30.042Z"}
{"level":"debug","message":"Cron: no due jobs found","timestamp":"2026-06-06T12:18:00.050Z"}
{"level":"debug","message":"Cron: no due jobs found","timestamp":"2026-06-06T12:18:30.057Z"}
{"level":"debug","message":"Cron: no due jobs found","timestamp":"2026-06-06T12:19:00.047Z"}
{"level":"debug","message":"Cron: no due jobs found","timestamp":"2026-06-06T12:19:30.050Z"}
{"level":"debug","message":"Cron: no due jobs found","timestamp":"2026-06-06T12:20:00.055Z"}
{"level":"debug","message":"Cron: no due jobs found","timestamp":"2026-06-06T12:20:30.056Z"}
{"level":"debug","message":"Cron: no due jobs found","timestamp":"2026-06-06T12:21:00.052Z"}
{"level":"debug","message":"Cron: no due jobs found","timestamp":"2026-06-06T12:21:30.054Z"}
{"level":"debug","message":"Cron: no due jobs found","timestamp":"2026-06-06T12:22:00.061Z"}
{"level":"debug","message":"Cron: no due jobs found","timestamp":"2026-06-06T12:22:30.052Z"}
{"level":"info","message":"Worker: shutdown signal received","timestamp":"2026-06-06T12:22:58.803Z"}
{"level":"debug","message":"Cron: no due jobs found","timestamp":"2026-06-06T12:23:00.050Z"}
{"level":"debug","message":"Cron: no due jobs found","timestamp":"2026-06-06T12:23:30.061Z"}
{"level":"info","message":"Worker: Started Monitoring","timestamp":"2026-06-06T12:23:40.282Z"}
{"level":"info","message":"Worker metrics exposed on :9001/metrics","timestamp":"2026-06-06T12:23:40.288Z"}
{"level":"info","message":"Worker: database connected","timestamp":"2026-06-06T12:23:40.384Z"}
{"level":"info","message":"Redis [default] connected","timestamp":"2026-06-06T12:23:40.424Z"}
{"level":"info","message":"Redis [default] ready","timestamp":"2026-06-06T12:23:40.435Z"}
{"level":"info","message":"Worker: redis connected","timestamp":"2026-06-06T12:23:40.437Z"}
{"level":"info","message":"Connecting to RabbitMQ...","timestamp":"2026-06-06T12:23:40.437Z"}
{"level":"info","message":"RabbitMQ topology asserted","timestamp":"2026-06-06T12:23:40.551Z"}
{"level":"info","message":"RabbitMQ connected","timestamp":"2026-06-06T12:23:40.552Z"}
{"level":"info","message":"Worker: started, waiting for jobs...","timestamp":"2026-06-06T12:23:40.557Z"}
{"level":"debug","message":"Cron: no due jobs found","timestamp":"2026-06-06T12:24:00.057Z"}
{"level":"debug","message":"Cron: no due jobs found","timestamp":"2026-06-06T12:24:30.052Z"}
{"level":"debug","message":"Cron: no due jobs found","timestamp":"2026-06-06T12:25:00.049Z"}
{"level":"debug","message":"Cron: no due jobs found","timestamp":"2026-06-06T12:25:30.047Z"}
{"level":"info","message":"Worker: Started Monitoring","timestamp":"2026-06-06T12:25:40.464Z"}
{"level":"info","message":"Worker metrics exposed on :9001/metrics","timestamp":"2026-06-06T12:25:40.470Z"}
{"level":"info","message":"Worker: database connected","timestamp":"2026-06-06T12:25:40.565Z"}
{"level":"info","message":"Redis [default] connected","timestamp":"2026-06-06T12:25:40.594Z"}
{"level":"info","message":"Redis [default] ready","timestamp":"2026-06-06T12:25:40.605Z"}
{"level":"info","message":"Worker: redis connected","timestamp":"2026-06-06T12:25:40.606Z"}
{"level":"info","message":"Connecting to RabbitMQ...","timestamp":"2026-06-06T12:25:40.607Z"}
{"level":"info","message":"RabbitMQ topology asserted","timestamp":"2026-06-06T12:25:40.715Z"}
{"level":"info","message":"RabbitMQ connected","timestamp":"2026-06-06T12:25:40.716Z"}
{"level":"info","message":"Worker: started, waiting for jobs...","timestamp":"2026-06-06T12:25:40.720Z"}
{"level":"debug","message":"Cron: no due jobs found","timestamp":"2026-06-06T12:26:00.089Z"}
{"level":"debug","message":"Cron: no due jobs found","timestamp":"2026-06-06T12:26:30.049Z"}
{"level":"debug","message":"Cron: no due jobs found","timestamp":"2026-06-06T12:27:00.049Z"}
{"level":"debug","message":"Cron: no due jobs found","timestamp":"2026-06-06T12:27:30.057Z"}
{"level":"debug","message":"Cron: no due jobs found","timestamp":"2026-06-06T12:28:00.059Z"}
{"level":"debug","message":"Cron: no due jobs found","timestamp":"2026-06-06T12:28:30.062Z"}
{"level":"debug","message":"Cron: no due jobs found","timestamp":"2026-06-06T12:29:00.056Z"}
{"level":"debug","message":"Cron: no due jobs found","timestamp":"2026-06-06T12:29:30.061Z"}
{"level":"debug","message":"Cron: no due jobs found","timestamp":"2026-06-06T12:30:00.072Z"}
{"level":"info","message":"Worker: Started Monitoring","timestamp":"2026-06-06T12:30:21.416Z"}
{"level":"info","message":"Worker metrics exposed on :9001/metrics","timestamp":"2026-06-06T12:30:21.421Z"}
{"level":"info","message":"Worker: database connected","timestamp":"2026-06-06T12:30:21.523Z"}
{"level":"info","message":"Redis [default] connected","timestamp":"2026-06-06T12:30:21.550Z"}
{"level":"info","message":"Redis [default] ready","timestamp":"2026-06-06T12:30:21.562Z"}
{"level":"info","message":"Worker: redis connected","timestamp":"2026-06-06T12:30:21.563Z"}
{"level":"info","message":"Connecting to RabbitMQ...","timestamp":"2026-06-06T12:30:21.564Z"}
{"level":"info","message":"RabbitMQ topology asserted","timestamp":"2026-06-06T12:30:21.675Z"}
{"level":"info","message":"RabbitMQ connected","timestamp":"2026-06-06T12:30:21.677Z"}
{"level":"info","message":"Worker: started, waiting for jobs...","timestamp":"2026-06-06T12:30:21.681Z"}
{"level":"debug","message":"Cron: no due jobs found","timestamp":"2026-06-06T12:30:30.050Z"}
{"level":"debug","message":"Cron: no due jobs found","timestamp":"2026-06-06T12:31:00.056Z"}
{"level":"debug","message":"Cron: no due jobs found","timestamp":"2026-06-06T12:31:30.050Z"}
{"level":"debug","message":"Cron: no due jobs found","timestamp":"2026-06-06T12:32:00.060Z"}
{"level":"info","message":"PostgreSQL connected via Prisma","timestamp":"2026-06-06T12:32:02.686Z"}
{"level":"info","message":"Running Prisma migrations...","timestamp":"2026-06-06T12:32:02.690Z"}
{"level":"info","message":"Prisma migrations completed","timestamp":"2026-06-06T12:32:05.898Z"}
{"level":"info","message":"Connecting to RabbitMQ...","timestamp":"2026-06-06T12:32:05.899Z"}
{"level":"info","message":"RabbitMQ topology asserted","timestamp":"2026-06-06T12:32:06.019Z"}
{"level":"info","message":"RabbitMQ connected","timestamp":"2026-06-06T12:32:06.020Z"}
{"level":"info","message":"Redis [default] connected","timestamp":"2026-06-06T12:32:06.028Z"}
{"level":"info","message":"Redis [default] ready","timestamp":"2026-06-06T12:32:06.038Z"}
{"level":"info","message":"Redis connected successfully","timestamp":"2026-06-06T12:32:06.039Z"}
{"level":"info","message":"Cron: scheduler started — expression: \"*/30 * * * * *\"","timestamp":"2026-06-06T12:32:06.075Z"}
{"level":"info","message":"Worker metrics exposed on :9000/metrics","timestamp":"2026-06-06T12:32:06.081Z"}
{"level":"info","message":"API server running on port 3000","timestamp":"2026-06-06T12:32:06.082Z"}
{"level":"debug","message":"Cron: no due jobs found","timestamp":"2026-06-06T12:32:30.106Z"}
{"level":"debug","message":"Cron: no due jobs found","timestamp":"2026-06-06T12:33:00.061Z"}
{"level":"debug","message":"Cron: no due jobs found","timestamp":"2026-06-06T12:33:30.051Z"}
{"level":"debug","message":"Cron: no due jobs found","timestamp":"2026-06-06T12:34:00.045Z"}
{"level":"debug","message":"Cron: no due jobs found","timestamp":"2026-06-06T12:34:30.048Z"}
{"level":"debug","message":"Cron: no due jobs found","timestamp":"2026-06-06T12:35:00.030Z"}
{"level":"debug","message":"Cron: no due jobs found","timestamp":"2026-06-06T12:35:30.052Z"}
{"level":"debug","message":"Cron: no due jobs found","timestamp":"2026-06-06T12:36:00.060Z"}
{"level":"debug","message":"Cron: no due jobs found","timestamp":"2026-06-06T12:36:30.076Z"}
{"level":"debug","message":"Cron: no due jobs found","timestamp":"2026-06-06T12:37:00.088Z"}
{"level":"debug","message":"Cron: no due jobs found","timestamp":"2026-06-06T12:37:30.078Z"}
{"level":"debug","message":"Cron: no due jobs found","timestamp":"2026-06-06T12:38:00.072Z"}
{"level":"info","message":"Worker: shutdown signal received","timestamp":"2026-06-06T12:38:12.504Z"}
{"level":"info","message":"SIGINT received, shutting down","timestamp":"2026-06-06T12:38:17.590Z"}
